name,category,1999,2000,2001,2022,2023,2024
Afghanistan,high,0.023303911616959792,0.016846589814674285,0.010751991964840607,0.0416576739903023,0.037624429632249434,0.047934330023564294
Afghanistan,low,0.7275922230870663,0.7560612959386521,0.7976995921618208,0.7108265093424044,0.7057244708941296,0.6694187737377647
Afghanistan,medium,0.24910386529597392,0.22709211424667364,0.19154841587333857,0.24751581666729325,0.2566510994736209,0.28264689623867095
Akrotiri,high,0.8044609665427509,0.79182156133829,0.7828996282527881,0.7866171003717473,0.7977695167286245,0.7620817843866171
Akrotiri,low,0.10408921933085502,0.09442379182156134,0.08029739776951673,0.1315985130111524,0.13308550185873605,0.12490706319702602
Akrotiri,medium,0.09144981412639405,0.1137546468401487,0.13680297397769517,0.08178438661710037,0.0691449814126394,0.11301115241635688
Albania,high,0.23411091770598644,0.2664457538530052,0.18549732917366,0.297588235434958,0.26041694101196905,0.26918242306559625
Albania,low,0.06970485633085205,0.06600807832189264,0.08698442037920706,0.06623792980431498,0.06845503889518054,0.07117015953129452
Albania,medium,0.6961842259631615,0.6675461678251021,0.7275182504471329,0.636173834760727,0.6711280200928504,0.6596474174031092
Algeria,high,0.00933293418150479,0.007751294491790133,0.008616297981067788,0.017421427057023677,0.017335992084255136,0.017346748285862686
Algeria,low,0.9261314952134391,0.9356625142378816,0.9316636658002404,0.912704853140116,0.9183735762673255,0.916716950486404
Algeria,medium,0.06453557060505614,0.05658619127032824,0.05972003621869181,0.06987371980286033,0.06429043164841931,0.06593630122773333
American Samoa,low,0.9217013049782503,0.9217013049782503,0.9642339294345095,0.8970517158047366,0.903334944417593,0.9231512808119865
American Samoa,medium,0.07829869502174963,0.07829869502174963,0.035766070565490575,0.09763170613823104,0.09279845335911067,0.07153214113098115
American Samoa,high,0,0,0,0.005316578057032383,0.0038666022232962784,0.005316578057032383
Andorra,high,0.1044841735052755,0.11591441969519344,0.1271981242672919,0.1481535756154748,0.14566236811254396,0.16485932004689333
Andorra,low,0.2555685814771395,0.21497655334114887,0.22845838218053927,0.21951934349355218,0.2623094958968347,0.2142438452520516
Andorra,medium,0.639947245017585,0.6691090269636577,0.6443434935521688,0.632327080890973,0.5920281359906213,0.6208968347010551
Angola,high,0.010570795172937351,0.005738529829353728,0.00645947462182477,0.011451607124213488,0.013517749917419497,0.013248079262698272
Angola,low,0.7286652543665295,0.8038237840402231,0.7657285619717679,0.7519623869036263,0.7393519532296006,0.7231712932432777
Angola,medium,0.26076395046053313,0.19043768613042314,0.22781196340640736,0.23658600597216026,0.2471302968529799,0.2635806274940241
Anguilla,high,0.4198250728862974,0.5092322643343051,0.4965986394557823,0.4859086491739553,0.48104956268221577,0.45966958211856174
Anguilla,low,0.40816326530612246,0.3663751214771623,0.37026239067055394,0.3819241982507289,0.37998056365403304,0.3858114674441205
Anguilla,medium,0.17201166180758018,0.12439261418853255,0.13313896987366375,0.13216715257531583,0.13896987366375121,0.15451895043731778
Antigua and Barb.,high,0.21624692293126302,0.35940162847945467,0.43097898125355044,0.407877295966673,0.41014959288013636,0.3563718992615035
Antigua and Barb.,low,0.4548380988449157,0.322666161711797,0.24862715394811588,0.2832796818784321,0.28422647225904185,0.3010793410338951
Antigua and Barb.,medium,0.32891497822382126,0.31793220980874837,0.32039386479833365,0.3088430221548949,0.3056239348608218,0.3425487597046014
Argentina,high,0.044534297677343126,0.03190142762773014,0.03154990616684278,0.04809693067204172,0.05268049156048786,0.05454872027729967
Argentina,low,0.5914793639498711,0.6233221432787359,0.6291938817567583,0.5751004564187222,0.5644804745546381,0.5620780385243634
Argentina,medium,0.3639863383727857,0.3447764290935339,0.339256212076399,0.3768026129092361,0.38283903388487406,0.38337324119833693
Armenia,high,0.1606922330395113,0.14407117844434109,0.16217747857728118,0.1767465802752781,0.16943605533897366,0.20044675430166306
Armenia,low,0.22242555472386003,0.1990961017617515,0.2255896708138626,0.19987532438093125,0.2589026184241285,0.18073478331707984
Armenia,medium,0.6168822122366286,0.6568327197939074,0.6122328506088562,0.6233780953437906,0.5716613262368978,0.6188184623812572
Aruba,high,0.740072202166065,0.7323362558019598,0.7307890665291388,0.7240845796802475,0.7364620938628159,0.744198040226921
Aruba,low,0.11242908715832904,0.11552346570397112,0.14027849406910778,0.1263537906137184,0.12893243940175347,0.12171222279525529
Aruba,medium,0.147498710675606,0.1521402784940691,0.12893243940175347,0.14956162970603404,0.13460546673543064,0.13408973697782361
Australia,high,0.02708332491902777,0.028111180348649314,0.029154986071788482,0.029478520551134514,0.027110803823280943,0.032307808699823366
Australia,low,0.7494477476007645,0.7362028016812646,0.7518917400196736,0.7038944502784437,0.7288543909144327,0.7029049879112386
Australia,medium,0.22346892748020775,0.235686017970086,0.21895327390853792,0.2666270291704218,0.24403480526228635,0.2647872033889381
Austria,high,0.2519955544275313,0.2370080169261484,0.2510613189640399,0.2819872605569692,0.2700938357090536,0.2760058396947393
Austria,low,0.3433033322270019,0.2897677354696377,0.2933181194678907,0.2741033834219483,0.2964281401555661,0.2976197965362425
Austria,medium,0.4047011133454668,0.4732242476042139,0.4556205615680694,0.4439093560210825,0.4334780241353803,0.4263743637690182
Azerbaijan,high,0.23505933323472294,0.23322152187639664,0.23588877384343532,0.3046170338313158,0.3132056805945888,0.3133798392650663
Azerbaijan,low,0.25165212163432404,0.2325765781240805,0.21857469816473343,0.2192427040240991,0.21895164432823264,0.17448153997617447
Azerbaijan,medium,0.513288545130953,0.5342018999995228,0.5455365279918313,0.4761402621445851,0.4678426750771785,0.5121386207587593
Bahamas,high,0.05202851587815943,0.054173687621516524,0.049740764744005184,0.046694750486066104,0.04677900194426442,0.04810110174983798
Bahamas,low,0.6783797796500324,0.6483668178872327,0.6831173039533377,0.6621257290991575,0.6509591704471808,0.6424173687621516
Bahamas,medium,0.2695917044718082,0.2974594944912508,0.2671419313026572,0.2911795204147764,0.30226182760855475,0.3094815294880104
Bahrain,high,0.4055445081296058,0.4097555269622178,0.42297344718680546,0.5749210433968885,0.5835770265528132,0.6013568838460639
Bahrain,low,0.3159433851912504,0.3558310913557141,0.2957071002456428,0.1401333489296994,0.1034039068896947,0.10281904316294303
Bahrain,medium,0.2785121066791438,0.23441338168206807,0.28131945256755175,0.2849456076734121,0.3130190665574921,0.2958240729909931
Baikonur,high,0.03491538143298344,0.02203257742671041,0.025169092815840365,0.03296227522441479,0.032538941859010746,0.03475182081453188
Baikonur,low,0.7445952836814609,0.8225463501929053,0.877906808932334,0.8467918065751369,0.8370358967451437,0.8483793066954021
Baikonur,medium,0.22048933488555567,0.15542107238038427,0.09692409825182563,0.12024591820044835,0.13042516139584556,0.1168688724900661
Bangladesh,high,0.30543675411662696,0.18251032709807796,0.29039506573258517,0.29272288908609895,0.2447691295915418,0.25043609287117563
Bangladesh,low,0.18669562183701766,0.2271883783568679,0.15661763077849236,0.18204655766389463,0.20313759470620654,0.1818024054972536
Bangladesh,medium,0.5078676240463554,0.5903012945450542,0.5529873034889224,0.5252305532500064,0.5520932757022516,0.5677615016315708
Barbados,high,0.4443573667711599,0.7611677115987461,0.7488244514106583,0.8516849529780565,0.8767633228840125,0.8702978056426333
Barbados,low,0.37049373040752354,0.06700626959247649,0.08032915360501568,0.0603448275862069,0.06073667711598746,0.06152037617554859
Barbados,medium,0.1851489028213166,0.17182601880877743,0.17084639498432602,0.08797021943573667,0.0625,0.06818181818181818
Belarus,high,0.12760776408078325,0.10438649025771027,0.07994909273659856,0.121370384689186,0.11745910980984929,0.1081120796541653
Belarus,low,0.2642647900811412,0.3157608753198168,0.34005235865757916,0.2791346075127985,0.30727409320791427,0.30386099259349936
Belarus,medium,0.6081274458380755,0.5798526344224729,0.5799985486058222,0.5994950077980156,0.5752667969822365,0.5880269277523353
Belgium,high,0.6939798458625881,0.6210999806210217,0.6583691099086206,0.6803400265342934,0.6841096104825366,0.6471516628654056
Belgium,low,0.05166733747745331,0.0720283082151961,0.05284311971736506,0.027961629623004337,0.04128095046435013,0.05801022613776963
Belgium,medium,0.25435281665995857,0.3068717111637822,0.28878777037401426,0.2916983438427023,0.2746094390531133,0.29483811099682483
Belize,high,0.07493405312557512,0.07066284277038218,0.0855315624808294,0.10071851420158273,0.10202978344886816,0.1187772222563033
Belize,low,0.6066805717440648,0.6555656094718115,0.6105837065210723,0.545169774860438,0.5435172688792098,0.5411401141034292
Belize,medium,0.3183853751303601,0.27377154775780627,0.30388473099809826,0.3541117109379793,0.354452947671922,0.34008266364026746
Benin,high,0.017736324280583866,0.02683183626560231,0.02232203517204576,0.06121138373693308,0.05850671763756563,0.05002000223174806
Benin,low,0.6507033422324919,0.4923851086231253,0.5009310336713091,0.25474037710469405,0.2600889814651046,0.23034372715589518
Benin,medium,0.33156033348692415,0.4807830551112724,0.4767469311566452,0.6840482391583729,0.6814043008973297,0.7196362706123568
Bermuda,high,0.7822384428223844,0.6618004866180048,0.7834549878345499,0.7785888077858881,0.7785888077858881,0.7785888077858881
Bermuda,low,0.08394160583941605,0.15206812652068127,0.09002433090024331,0.10097323600973236,0.0948905109489051,0.10462287104622871
Bermuda,medium,0.13381995133819952,0.18613138686131386,0.12652068126520682,0.12043795620437957,0.12652068126520682,0.11678832116788321
Bhutan,high,0.01027855049010633,0.009605257200005513,0.010879002108471092,0.01661774462497367,0.0144935239816439,0.01453683524591939
Bhutan,low,0.8021128022191116,0.8014611645611486,0.7725823947585495,0.8211599150311742,0.8237408726432274,0.8254457615006172
Bhutan,medium,0.18760864729078197,0.18893357823884588,0.21653860313297937,0.16222234034385208,0.1617656033751287,0.16001740325346342
Bir Tawil,high,8.202099737532808e-5,0,0,4.101049868766404e-5,0,8.202099737532808e-5
Bir Tawil,low,0.8873851706036745,0.9034612860892388,0.906496062992126,0.9190452755905512,0.9232283464566929,0.8764763779527559
Bir Tawil,medium,0.11253280839895013,0.09653871391076116,0.09350393700787402,0.08091371391076116,0.07677165354330709,0.12344160104986876
Bolivia,high,0.01651400238024595,0.012394916815346506,0.013806026535147314,0.029768312095499117,0.029035321403470322,0.037091981805029844
Bolivia,low,0.8091044012759281,0.8348734769955087,0.8051261661412935,0.7150546845479341,0.729273709177653,0.6975646771122315
Bolivia,medium,0.174381596343826,0.15273160618914475,0.18106780732355918,0.2551770033565668,0.24169096941887672,0.2653433410827387
Bosnia and Herz.,high,0.10598081566426043,0.12453754493799273,0.08698451281425464,0.15153209447469712,0.13175003829146592,0.15239754386707693
Bosnia and Herz.,low,0.2727572719540851,0.2079805641235737,0.3063180296145575,0.3036656451458251,0.32308533331008865,0.3077899162070653
Bosnia and Herz.,medium,0.6212619123816545,0.6674818909384336,0.6066974575711879,0.5448022603794778,0.5451646283984455,0.5398125399258578
Botswana,high,0.011140341623401802,0.012514043695377378,0.00987599751568478,0.013379746532858705,0.012059005778652323,0.0124285898934633
Botswana,low,0.7875989213640373,0.797541621512372,0.8167499757737756,0.8051893789369404,0.8149704754967306,0.8060101362236662
Botswana,medium,0.20126073701256084,0.18994433479225065,0.17337402671053964,0.1814308745302009,0.17297051872461702,0.18156127388287047
Br. Indian Ocean Ter.,high,0.09239130434782608,0.08876811594202899,0.13949275362318841,0.14855072463768115,0.14855072463768115,0.15217391304347827
Br. Indian Ocean Ter.,low,0.8115942028985508,0.7789855072463768,0.7681159420289855,0.7391304347826086,0.7481884057971014,0.7391304347826086
Br. Indian Ocean Ter.,medium,0.09601449275362318,0.1322463768115942,0.09239130434782608,0.11231884057971014,0.10326086956521739,0.10869565217391304
Brazil,high,0.036132445999782735,0.03370469750926171,0.02916870628096198,0.04888275680047554,0.04855732266816822,0.05359937352747965
Brazil,low,0.5548299232667332,0.5682114883344851,0.5767578074370052,0.48055184809218837,0.4808614286895411,0.4692400478047267
Brazil,medium,0.4090376307334841,0.39808381415625327,0.39407348628203276,0.4705653951073361,0.4705812486422906,0.47716057866779366
Brazilian I.,low,0.8235294117647058,0.7352941176470589,0.7941176470588235,1,0.8823529411764706,0.9117647058823529
Brazilian I.,medium,0.17647058823529413,0.2647058823529412,0.20588235294117646,0,0.11764705882352941,0.08823529411764706
British Virgin Is.,high,0.06964596633778293,0.3064422518862449,0.289611143354614,0.2820661636680209,0.3343006384213581,0.3168891468369124
British Virgin Is.,low,0.697620429483459,0.3476494486360998,0.3203714451538015,0.3441671503192107,0.3221125943122461,0.3290771909460244
British Virgin Is.,medium,0.232733604178758,0.3459082994776553,0.3900174114915844,0.3737666860127684,0.3435867672663958,0.3540336622170633
Brunei,high,0.12637371202319528,0.12593724182008076,0.12355224392449066,0.14341163816620162,0.1426945799753706,0.14536016585867717
Brunei,low,0.725600536234821,0.723683184985425,0.7345481753986688,0.7063646708547022,0.7097629031503796,0.7085158454271953
Brunei,medium,0.14802575174198376,0.15037957319449424,0.14189958067684058,0.15022369097909619,0.14754251687424982,0.1461239887141276
Bulgaria,high,0.13514835019406038,0.1153716425916253,0.12142827027444844,0.18945538953783883,0.1696353492032633,0.17453487582244354
Bulgaria,low,0.14879054831131172,0.11440836766769182,0.16232090113344375,0.13673643626926257,0.18231427239658116,0.1742514563311464
Bulgaria,medium,0.7160611014946279,0.7702199897406828,0.7162508285921079,0.6738081741928986,0.6480503784001556,0.6512136678464101
Burkina Faso,high,0.025392374598398337,0.009479529368343216,0.014078645364103892,0.031055486708538752,0.03457939314095754,0.045521476638220815
Burkina Faso,low,0.4590026694416215,0.5011223060489829,0.3768788934696718,0.2279264859101412,0.19593804024795178,0.20452690138444446
Burkina Faso,medium,0.5156049559599801,0.4893981645826739,0.6090424611662243,0.74101802738132,0.7694825666110907,0.7499516219773348
Burundi,high,0.028562076026242843,0.031260882283294565,0.028917273752977393,0.04533298045716037,0.0631207254391219,0.05201557298268585
Burundi,low,0.38622529286400803,0.3007584516164979,0.20134139376802107,0.21324051761362844,0.14231588917830926,0.15804557674360295
Burundi,medium,0.5852126311097491,0.6679806661002076,0.7697413324790016,0.7414265019292112,0.7945633853825689,0.7899388502737111
Cabo Verde,high,0.034310503483633494,0.038407607028613996,0.02236974716270102,0.06185092677796766,0.05845493186100521,0.06119363743920073
Cabo Verde,low,0.5886464221550326,0.5661890364138293,0.6874370097717015,0.564392445554533,0.595065948030323,0.5813505104947198
Cabo Verde,medium,0.3770430743613339,0.39540335655755665,0.29019324306559746,0.37375662766749923,0.3464791201086718,0.3574558520660795
Cambodia,high,0.060058412824049556,0.04483732290399617,0.0690744739256871,0.20361748233162422,0.22550143655583557,0.2493816310971174
Cambodia,low,0.5882793145659584,0.6430910491222557,0.5470673309161171,0.29420440414457516,0.2903181374631646,0.2673225741994184
Cambodia,medium,0.35166227260999205,0.31207162797374816,0.38385819515819575,0.5021781135238007,0.4841804259809998,0.48329579470346423
Cameroon,high,0.014666354225536549,0.013858448852314898,0.015479811555114463,0.028323783968400563,0.03025165295142,0.028722567592196935
Cameroon,low,0.7518572251245552,0.6796680083256371,0.6870777641467677,0.6853777168211259,0.6749892406914751,0.6958297532787174
Cameroon,medium,0.23347642064990817,0.3064735428220479,0.29744242429811785,0.2862984992104735,0.2947591063571049,0.2754476791290857
Canada,high,0.019249697795339967,0.017990487205100204,0.01629641643560101,0.018481105185861917,0.01589796803713437,0.01679376209007531
Canada,low,0.8272400395885819,0.8319948489998292,0.8363948199970858,0.8269622549815845,0.8180987914410562,0.8224187859163105
Canada,medium,0.15351026261607806,0.15001466379507053,0.1473087635673132,0.15455663983255358,0.16600324052180943,0.16078745199361422
Cayman Is.,high,0.25164473684210525,0.2779605263157895,0.29989035087719296,0.3451206140350877,0.35060307017543857,0.36403508771929827
Cayman Is.,low,0.39418859649122806,0.3774671052631579,0.36047149122807015,0.3199013157894737,0.2993421052631579,0.27905701754385964
Cayman Is.,medium,0.3541666666666667,0.34457236842105265,0.33963815789473684,0.33497807017543857,0.3500548245614035,0.3569078947368421
Central African Rep.,high,0.001905362083452589,0.0019292132338826569,0.0016513329632094568,0.0016421373389472619,0.00202677306003938,0.0016151251926770646
Central African Rep.,low,0.8708207324544616,0.8527123930577635,0.8516883740871906,0.9162162247594482,0.8990660981471966,0.9113477164391325
Central African Rep.,medium,0.12727390546208586,0.14535839370835388,0.14666029294959992,0.08214163790160452,0.09890712879276396,0.0870371583681905
Chad,high,0.00629079263946457,0.0032862593192961296,0.0024702535289190413,0.004419147358269654,0.0036827701329368635,0.0052678613807443575
Chad,low,0.8251971435989309,0.8487004223781972,0.8620398050344565,0.7955792614304391,0.8162714682623388,0.7579817266383322
Chad,medium,0.16851206376160446,0.14801331830250666,0.13548994143662443,0.20000159121129124,0.18004576160472435,0.23675041198092342
Chile,high,0.039891819308772135,0.03981067984572278,0.036110025056395774,0.05770163194809556,0.04955017369202504,0.0595803097279583
Chile,low,0.7049047362295359,0.7120115585914738,0.7187483769694949,0.6904423763897063,0.7191547843655111,0.6844641631959715
Chile,medium,0.2552034444616921,0.24817776156280336,0.24514159797410937,0.2518559916621982,0.23129504194246395,0.2559555270760702
China,high,0.11160930133267542,0.10121121252675286,0.09334785008746357,0.2311633368848502,0.22679451933691724,0.23127342272053458
China,low,0.4879784470892957,0.49890718784746557,0.5082557534622817,0.405081175345797,0.41348886637344745,0.40394826213415963
China,medium,0.40041225157802884,0.39988159962578157,0.3983963964502547,0.3637554877693528,0.3597166142896353,0.3647783151453058
Colombia,high,0.041939421097695474,0.0331414579360772,0.0296866338521924,0.043269557396852266,0.04292719733731111,0.0435949720455637
Colombia,low,0.5683685350708028,0.5772142748768437,0.5967858321302876,0.5471134983220121,0.5637147447197394,0.5574164650084327
Colombia,medium,0.38969204383150174,0.38964426718707906,0.37352753401752,0.40961694428113565,0.39335805794294953,0.3989885629460036
Comoros,high,0.0584446190102121,0.07960199004975124,0.08180151872217858,0.17685257920921707,0.18360827441738675,0.17779523435454309
Comoros,low,0.625975386226761,0.5069913589945012,0.40057606703325477,0.4256087981146897,0.4081173081958628,0.4079078292746792
Comoros,medium,0.31557999476302695,0.4134066509557476,0.5176224142445667,0.39753862267609325,0.40827441738675047,0.4142969363707777
Congo,high,0.003979078309245213,0.0037012032018049193,0.005228091956201911,0.006942734161572074,0.00915718900194668,0.005985838987301911
Congo,low,0.8644453750109738,0.8300572298415594,0.7975326347869076,0.8115118503503997,0.7721367145528606,0.8287685937421905
Congo,medium,0.1315755466797809,0.1662415669566357,0.19723927325689047,0.1815454154880282,0.2187060964451927,0.16524556727050765
Cook Is.,high,0.13419293218720152,0.12129894937917861,0.11604584527220631,0.19531996179560648,0.20105062082139447,0.2072588347659981
Cook Is.,low,0.5162368672397326,0.5353390639923591,0.5195797516714422,0.49426934097421205,0.4866284622731614,0.4961795606494747
Cook Is.,medium,0.3495702005730659,0.3433619866284623,0.3643744030563515,0.3104106972301815,0.3123209169054441,0.29656160458452724
Costa Rica,high,0.0982551962710481,0.08199527165593634,0.10407522647321667,0.1282955060068566,0.13297047109528493,0.13462349742489493
Costa Rica,low,0.26983244167486004,0.31491356910769297,0.32384507699486703,0.34787939106642585,0.33363581419295296,0.3573980676810968
Costa Rica,medium,0.6319123620540918,0.6030911592363707,0.5720796965319164,0.5238251029267176,0.5333937147117621,0.5079784348940083
Croatia,high,0.15304020765154833,0.1585791994972744,0.14645579607268727,0.25913471590574355,0.2232612244002121,0.24649149051440428
Croatia,low,0.2414965789938788,0.18890214755781864,0.25320990064469473,0.1959301405483082,0.22151577775185086,0.2187988416056261
Croatia,medium,0.6054632133545729,0.652518652944907,0.6003343032826179,0.5449351435459482,0.555222997847937,0.5347096678799697
Cuba,high,0.1772964254478129,0.1833111840585801,0.19358693306375582,0.12985078582597864,0.12367549230076065,0.11996350102416732
Cuba,low,0.216102712055642,0.19925411843993382,0.20424130215018343,0.28993665686040654,0.2900063229553569,0.30289682224165804
Cuba,medium,0.6066008624965451,0.617434697501486,0.6021717647860607,0.5802125573136148,0.5863181847438824,0.5771396767341747
Curaçao,high,0.6063468077068379,0.5629013978088402,0.5689459765772573,0.5468454854552324,0.573101624480544,0.5787684170759351
Curaçao,low,0.13468077068379297,0.1354363430298451,0.12995844352096714,0.14865885908575746,0.13335851907820173,0.14223649414431433
Curaçao,medium,0.2589724216093691,0.30166225916131467,0.3010955799017756,0.3044956554590102,0.29353985644125424,0.27899508877975066
Cyprus,high,0.42459640551863426,0.3716753776661799,0.39932313486810683,0.44640347166309585,0.4667776579920577,0.4421457716398968
Cyprus,low,0.24296183081100997,0.2681532226149374,0.27572701592543564,0.2593785395543061,0.2621897132875722,0.2711827399391367
Cyprus,medium,0.33244176367035577,0.3601713997188826,0.32494984920645753,0.29421798878259803,0.2710326287203701,0.28667148842096646
Cyprus U.N. Buffer Zone,high,0.5861920172599784,0.5592233009708738,0.5065803667745415,0.6783171521035599,0.7011866235167206,0.6936353829557713
Cyprus U.N. Buffer Zone,low,0.0878101402373247,0.16310679611650486,0.113915857605178,0.10097087378640776,0.0929881337648328,0.10010787486515642
Cyprus U.N. Buffer Zone,medium,0.32599784250269687,0.27766990291262134,0.3795037756202805,0.22071197411003235,0.2058252427184466,0.20625674217907228
Czechia,high,0.31308167627762673,0.29895249284815917,0.33428099691744384,0.3916798341379231,0.3867347308475218,0.38495795405224154
Czechia,low,0.1687021100241118,0.15699372028076475,0.15555780661599808,0.10812385531727998,0.12656299793929382,0.13407529600007098
Czechia,medium,0.5182162136982614,0.5440537868710761,0.5101611964665581,0.5001963105447969,0.4867022712131844,0.4809667499476875
Côte d'Ivoire,high,0.017624369487635922,0.030089430047490286,0.03914681596263769,0.07816875200477859,0.09422963593911496,0.09131485018415644
Côte d'Ivoire,low,0.5626840562876901,0.4283209977574108,0.3769251745486986,0.2333886912390934,0.22817550712437185,0.22644266008597375
Côte d'Ivoire,medium,0.4196915742246739,0.541589572195099,0.5839280094886637,0.688442556756128,0.6775948569365132,0.6822424897298698
Dem. Rep. Congo,high,0.00559416950901163,0.0038568402129813906,0.002938163291152848,0.005261614859332389,0.006678603597207928,0.006004516747927621
Dem. Rep. Congo,low,0.7690807709395862,0.8165633021879137,0.8179353261156658,0.8044281206300669,0.7864711713340743,0.7947450046388503
Dem. Rep. Congo,medium,0.22532505955140222,0.17957985759910491,0.1791265105931814,0.19031026451060082,0.20685022506871775,0.19925047861322207
Denmark,high,0.35509016099713436,0.4164519131493017,0.33792486011947354,0.3803674088721685,0.3705796157025722,0.3521393944483013
Denmark,low,0.051103255541113814,0.04675457073147078,0.048040135155751985,0.052799207136715695,0.050936498794265934,0.05650688374216332
Denmark,medium,0.5938065834617517,0.5367935161192275,0.6140350047247745,0.5668333839911157,0.5784838855031619,0.5913537218095354
Dhekelia,high,0.8004626951995373,0.8548293811451706,0.8097165991902834,0.9080393290919607,0.9259687680740313,0.9253903990746096
Dhekelia,low,0.03759398496240601,0.04742625795257374,0.03932909196067091,0.03412377096587623,0.03412377096587623,0.03701561596298438
Dhekelia,medium,0.16194331983805668,0.09774436090225563,0.1509543088490457,0.0578368999421631,0.03990746096009254,0.03759398496240601
Djibouti,high,0.006622835150737652,0.007544900577293136,0.00607360487491982,0.010495509942270687,0.011257216164207825,0.012259461193072483
Djibouti,low,0.7511585952533676,0.7197762989095574,0.7460150737652341,0.7797506414368185,0.7709910198845413,0.7635142719692111
Djibouti,medium,0.2422185695958948,0.27267880051314947,0.24791132135984606,0.20975384862091084,0.21775176395125082,0.2242262668377165
Dominica,high,0.05746718694572543,0.06302471325529148,0.06739978715856687,0.07378503015253636,0.08253517795908714,0.0837176303653778
Dominica,low,0.5714792479602696,0.4341965235899255,0.4315951282960861,0.539198297268535,0.5435733711718104,0.5433368806905522
Dominica,medium,0.37105356509400494,0.502778763154783,0.5010050845453471,0.3870166725789287,0.3738914508691025,0.37294548894407
Dominican Rep.,high,0.14931925748624442,0.14642389443814047,0.14648683711309923,0.2153793432631231,0.23279173492741487,0.22354615533902497
Dominican Rep.,low,0.23085275085715684,0.26731404373466866,0.21674484962820112,0.2835724863580494,0.2518406361406349,0.25121295779868485
Dominican Rep.,medium,0.6198279916565987,0.5862620618271909,0.6367683132586996,0.5010481703788274,0.5153676289319502,0.5252408868622902
Ecuador,high,0.06676698789313161,0.051587416985352984,0.06149504320878436,0.10240297950538949,0.09597588086182825,0.10115077439461279
Ecuador,low,0.5241806272587605,0.5590111293495645,0.5583079464571951,0.5357297142947237,0.5003929345360202,0.5261002780147609
Ecuador,medium,0.40905238484810796,0.38940145366508244,0.38019701033402065,0.36186730619988683,0.4036311846021516,0.3727489475906263
Egypt,high,0.04164431128049383,0.042172673710057854,0.04272929980648596,0.05713560306858551,0.0584688795009389,0.05904448148701797
Egypt,low,0.9136331198292202,0.9136789181789263,0.9142584434502075,0.8836196677649997,0.8817571481655879,0.879484124826765
Egypt,medium,0.04472256889028597,0.04414840811101584,0.043012256743306575,0.05924472916641479,0.05977397233347316,0.06147139368621709
El Salvador,high,0.11075388448701082,0.10457762417032941,0.12615646244114573,0.25838765763212335,0.2778048047921012,0.2870184314836985
El Salvador,low,0.09565588923342457,0.13586080570584927,0.06693627876085605,0.10415882295707499,0.10315623823443561,0.11099501245827852
El Salvador,medium,0.7935902262795647,0.7595615701238213,0.8069072587979982,0.6374535194108016,0.6190389569734632,0.601986556058023
Eq. Guinea,high,0.005865672091520555,0.011905439473428706,0.007559753186446012,0.04436416717165461,0.048271267246314704,0.0427772216400446
Eq. Guinea,low,0.8220578732921084,0.6484614328711996,0.7553726811009518,0.7315517581950336,0.7605888438398725,0.7780485926739362
Eq. Guinea,medium,0.17207645461637097,0.3396331276553717,0.23706756571260215,0.22408407463331179,0.19113988891381278,0.17917418568601914
Eritrea,high,0.0064305286071928425,0.006602309752381704,0.005878576075110602,0.012290800134045614,0.01240133144467943,0.018241186360013855
Eritrea,low,0.7128945686181193,0.7635341013734044,0.7607856030503826,0.6574507959662408,0.7097426662123384,0.5892748019588683
Eritrea,medium,0.28067490277468793,0.22986358887421396,0.23333582087450683,0.3302584038997136,0.2778560023429822,0.39248401168111785
Estonia,high,0.06916662725997383,0.0516742590228191,0.04872663839893234,0.07913284258865193,0.07939765556448775,0.07434834465618974
Estonia,low,0.42278547521844445,0.5112361616830335,0.5187097723344,0.36090330648423996,0.35718226383568985,0.36086652690426274
Estonia,medium,0.5080478975215817,0.4370895792941473,0.4325635892666677,0.5599638509271081,0.5634200805998224,0.5647851284395475
Ethiopia,high,0.011646882788320155,0.013209893548097212,0.010814637440759224,0.039191033035133015,0.03865176881567892,0.04243525160235091
Ethiopia,low,0.606074041110754,0.6011721599647135,0.6114978414911664,0.5615571558462606,0.43465221931438647,0.48095328351947797
Ethiopia,medium,0.3822790761009258,0.3856179464871892,0.37768752106807435,0.39925181111860636,0.5266960118699345,0.4766114648781711
Faeroe Is.,high,0.026215200356756067,0.008536663056635026,0.017137032553991207,0.017997069503726825,0.010288590176466841,0.015098426450914188
Faeroe Is.,low,0.6790150984264509,0.777314136459196,0.6635344333312098,0.6679301777409696,0.707874116073135,0.6776772631713066
Faeroe Is.,medium,0.294769701216793,0.21414920048416894,0.319328534114799,0.31407275275530355,0.2818372937503982,0.3072243103777792
Falkland Is.,high,0.029592264039238148,0,0,0,0.02926495858141964,0
Falkland Is.,low,0.7063299912878989,0,0,0,0.6689690359410273,0
Falkland Is.,medium,0.264077744672863,0,0,0,0.3017660054775531,0
Fiji,high,0.05977947813150578,0.039369185901477255,0.04109272168979077,0.04996439537910984,0.055552279829642094,0.05869546483306649
Fiji,low,0.6204547413108851,0.5998766311225208,0.5703497416964127,0.533212081078752,0.5325634873478866,0.5414170185552234
Fiji,medium,0.3197657805576092,0.36075418297600204,0.38855753661379644,0.4168235235421382,0.4118842328224713,0.39988751661171007
Finland,high,0.020755310732978944,0.015667983220506713,0.01606849582993978,0.022158039006191597,0.020917500824670643,0.021934662731601086
Finland,low,0.8155551857917276,0.8551995119117471,0.8427426356181819,0.8322971967036528,0.8403815962704453,0.8318524292023902
Finland,medium,0.16368950347529346,0.1291325048677462,0.14118886855187834,0.14554476429015561,0.1387009029048841,0.14621290806600867
Fr. Polynesia,high,0.048252823585555965,0.05846015165173127,0.052547855135479084,0.07086802057373137,0.07370486239991517,0.07606447849832972
Fr. Polynesia,low,0.7490588048146773,0.727000371175566,0.7518956466408612,0.6074818389098043,0.6166816904395779,0.6196245824274882
Fr. Polynesia,medium,0.2026883715997667,0.2145394771727027,0.19555649822365978,0.3216501405164643,0.3096134471605069,0.3043109390741821
Fr. S. Antarctic Lands,high,0.06868465939231705,0.0635920705780578,0.12986101476361084,0.13878120638858737,0.13972790559123813,0.1427720331997617
Fr. S. Antarctic Lands,low,0.6774040854967315,0.7342876496560055,0.553892484350899,0.5892141580497996,0.5890590952493655,0.5849376892378255
Fr. S. Antarctic Lands,medium,0.25391125511095153,0.20212027976593677,0.3162465008854902,0.272004635561613,0.2712129991593964,0.27229027756241275
France,high,0.4121569704290731,0.35320203552797574,0.346662818695619,0.3563082167982608,0.342204063424954,0.32128234446971876
France,low,0.1554991281179525,0.15079216247854796,0.1546635744890885,0.14852346288169194,0.16361751492509446,0.1731165845928538
France,medium,0.4323439014529744,0.4960058019934763,0.4986736068152925,0.49516832032004726,0.4941784216499515,0.5056010709374275
Gabon,high,0.00840345378684826,0.008060371484566625,0.0062817063222367865,0.00998651390909969,0.010748995418579316,0.008660593628638504
Gabon,low,0.8575177136005319,0.8117468217618685,0.794820969822852,0.8447466639715111,0.826348102029514,0.8772690098706635
Gabon,medium,0.13407883261261985,0.1801928067535648,0.19889732385491124,0.1452668221193892,0.16290290255190668,0.11407039650069803
Gambia,high,0.03356205250596659,0.04619961548660833,0.09534108989657916,0.1888756298064174,0.21391043489790507,0.1923975735879077
Gambia,low,0.5077068416865553,0.38136435958631665,0.2220316229116945,0.19129541235746486,0.1737602757889154,0.22029965526385575
Gambia,medium,0.4587311058074781,0.572436024927075,0.6826272871917264,0.6198289578361177,0.6123292893131795,0.5873027711482366
Georgia,high,0.12980990341867238,0.129692051203434,0.13127970259083244,0.13284723286831213,0.13367124022688948,0.13315479840564157
Georgia,low,0.3128152307220604,0.3062624559251878,0.29528782768664724,0.3615983826460218,0.35767955695232256,0.35066303847922736
Georgia,medium,0.5573748658592672,0.5640454928713782,0.5734324697225203,0.5055543844856661,0.508649202820788,0.5161821631151311
Germany,high,0.4661828907155029,0.4053139443396711,0.40974969062219535,0.4691439031815504,0.4498864889869409,0.43636638239492026
Germany,low,0.10360333218675745,0.10158361898887822,0.1033464991875126,0.07052738537206388,0.08833900690713131,0.09290253709568373
Germany,medium,0.43021377709773967,0.49310243667145065,0.48690381019029205,0.4603287114463857,0.4617745041059278,0.470731080509396
Ghana,high,0.02358080612892316,0.03673500300157151,0.036654812593903525,0.10679506041938841,0.11080012578013944,0.10270831964341999
Ghana,low,0.6773687448233565,0.5475668336928908,0.438731372900617,0.398344365083166,0.36303385557336326,0.348411728738126
Ghana,medium,0.2990504490477203,0.4156981633055377,0.5246138145054795,0.4948605744974456,0.5261660186464973,0.548879951618454
Gibraltar,high,0.8490566037735849,0.8490566037735849,0.8301886792452831,0.8490566037735849,0.8301886792452831,0.8301886792452831
Gibraltar,low,0.11320754716981132,0.09433962264150944,0.1320754716981132,0.09433962264150944,0.11320754716981132,0.09433962264150944
Gibraltar,medium,0.03773584905660377,0.05660377358490566,0.03773584905660377,0.05660377358490566,0.05660377358490566,0.07547169811320754
Greece,high,0.26373888419165287,0.2343194342356275,0.21217916579921228,0.25497476238831085,0.25699079719412143,0.2634993605621954
Greece,low,0.17430734652430502,0.16663993490905538,0.18186004172278566,0.20899100538317408,0.21711515828741135,0.1931856324061131
Greece,medium,0.5619537692840421,0.5990406308553171,0.605960792478002,0.5360342322285151,0.5258940445184672,0.5433150070316914
Greenland,high,0.0013162228475737856,8.718056215396376e-4,9.240038679849675e-4,0.0014099356474257649,0.0016807699775535337,0.0016328560547125479
Greenland,low,0.98587821861675,0.9856772214729702,0.9862103350440032,0.9830331159097856,0.9805640303890327,0.980465368924258
Greenland,medium,0.01280555853567622,0.013450972905490112,0.012865661088011843,0.015556948442788696,0.017755199633413748,0.017901775021029454
Grenada,high,0.20560040363269425,0.2520181634712412,0.28910191725529766,0.47452068617558024,0.4783047426841574,0.48688193743693237
Grenada,low,0.4909182643794147,0.10645812310797174,0.18592330978809282,0.14732593340060546,0.1743188698284561,0.11099899091826437
Grenada,medium,0.303481331987891,0.6415237134207871,0.5249747729566094,0.37815338042381436,0.3473763874873865,0.4021190716448032
Guam,high,0.15216386878176497,0.24195287232404128,0.6322193131064223,0.6839673494532573,0.660711535499769,0.6850454335438164
Guam,low,0.7169259202217773,0.5493608501463114,0.09025103958108732,0.08686277529647313,0.09009702756815031,0.08563067919297705
Guam,medium,0.13091021099645772,0.2086862775296473,0.27752964731249036,0.22916987525026952,0.2491914369320807,0.22932388726320654
Guatemala,high,0.05707421122326802,0.05515053959544218,0.06371111622116674,0.13281342922617018,0.14105048646848461,0.14913688517440707
Guatemala,low,0.389825791155551,0.3716785739773061,0.334471466066147,0.2828661597139074,0.269617723787397,0.2650694218676901
Guatemala,medium,0.553099997621181,0.5731708864272518,0.6018174177126863,0.5843204110599225,0.5893317897441184,0.5857936929579028
Guernsey,high,0.8363636363636363,0.808695652173913,0.8387351778656127,0.8039525691699605,0.8150197628458498,0.7936758893280632
Guernsey,low,0.07430830039525692,0.08142292490118577,0.0766798418972332,0.08932806324110672,0.07984189723320158,0.08695652173913043
Guernsey,medium,0.08932806324110672,0.10988142292490119,0.08458498023715415,0.1067193675889328,0.10513833992094862,0.11936758893280633
Guinea,high,0.021101180630872064,0.011460027767268963,0.00941617823174259,0.018622140167474717,0.01738855926605716,0.01855230804174521
Guinea,low,0.5720759327178268,0.4944758828994443,0.4589741660730336,0.43440765619268773,0.4488683056098594,0.42048622597315927
Guinea,medium,0.4068228866513012,0.49406408933328677,0.5316096556952238,0.5469702036398376,0.5337431351240834,0.5609614659850956
Guinea-Bissau,high,0.008183942842980756,0.008567690081466342,0.018771635749253158,0.04059459502674238,0.038590581670206556,0.03806559412866725
Guinea-Bissau,low,0.6456067603471847,0.6176944785701152,0.4797693252710881,0.4353052789229494,0.4467190943565172,0.4789938360599818
Guinea-Bissau,medium,0.3462092968098346,0.3737378313484185,0.5014590389796587,0.5241001260503082,0.5146903239732763,0.4829405698113509
Guyana,high,0.0146583526217489,0.012112281766861027,0.009614695453836392,0.013091669512498471,0.015923588362023535,0.018690158481211187
Guyana,low,0.8412392648900244,0.8312990905986365,0.8819047257672151,0.8670267170905902,0.8645932146937674,0.8615610336061116
Guyana,medium,0.14410238248822668,0.15658862763450243,0.10848057877894843,0.11988161339691132,0.11948319694420904,0.11974880791267724
Haiti,high,0.11068847710061873,0.0870444133066738,0.12370231591542422,0.13836610671158903,0.1466127178550624,0.13707196498575186
Haiti,low,0.11654202811845647,0.17974085677850024,0.11028228663192531,0.1344238550309366,0.12239872789961742,0.13829053639183211
Haiti,medium,0.7727694947809248,0.733214729914826,0.7660153974526505,0.7272100382574743,0.7309885542453202,0.724637498622416
Heard I. and McDonald Is.,low,1,0,0,0,0.9615964888218351,0
Heard I. and McDonald Is.,high,0,0,0,0,0.003291729529556988,0
Heard I. and McDonald Is.,medium,0,0,0,0,0.03511178164860787,0
Honduras,high,0.05056222637173447,0.04588747457824352,0.051782162423349404,0.08039864088488906,0.0837679146799999,0.08613226326266232
Honduras,low,0.39170273942304656,0.40388514567947664,0.3240513899025053,0.36131531146901724,0.37530719962638975,0.3327920814359333
Honduras,medium,0.557735034205219,0.5502273797422799,0.6241664476741453,0.5582860476460937,0.5409248856936103,0.5810756553014044
Hong Kong,high,0.4911327688129094,0.5408212174468765,0.5175746924428822,0.557756830164563,0.548969483943122,0.5570378654737178
Hong Kong,low,0.17614634925706982,0.14139638919955264,0.16296532992490814,0.1469084518293657,0.15825211695158972,0.15242051445917879
Hong Kong,medium,0.33272088193002075,0.31778239335357084,0.3194599776322096,0.29533471800607125,0.2927783991052884,0.2905416200671034
Hungary,high,0.27459075097868896,0.27625639482395425,0.2639838521249936,0.36834185976527234,0.35762523210599145,0.3772450053681697
Hungary,low,0.06358882842488571,0.037152070983367216,0.058921083305846375,0.03889327658098183,0.053668555929494974,0.048310899158570605
Hungary,medium,0.6618204205964253,0.6865915341926785,0.67709506456916,0.5927648636537458,0.5887062119645136,0.5744440954732597
Iceland,high,0.018354024950818778,0.01233513145273846,0.011776631262654394,0.017614581145376815,0.017333279112428664,0.015595101166134965
Iceland,low,0.8044335289638497,0.810439737754874,0.8362456550214837,0.7769342033052615,0.7623303746875925,0.7979173203332497
Iceland,medium,0.17721244608533152,0.17722513079238753,0.15197771371586183,0.2054512155493616,0.22033634619997888,0.1864875785006154
India,high,0.17548842508658238,0.14594061099907424,0.16181394885223907,0.3009583866188235,0.29344932698825676,0.27119036045765
India,low,0.24501119663412912,0.241667185300951,0.22468178429765892,0.17878532261238267,0.1880806916901386,0.19007240377956505
India,medium,0.5795003782792885,0.6123922036999748,0.613504266850102,0.5202562907687939,0.5184699813216046,0.5387372357627849
Indian Ocean Ter.,high,0.276078431372549,0.1631372549019608,0.17176470588235293,0.0784313725490196,0.10901960784313726,0.12549019607843137
Indian Ocean Ter.,low,0.4627450980392157,0.45803921568627454,0.4470588235294118,0.611764705882353,0.5262745098039215,0.5286274509803922
Indian Ocean Ter.,medium,0.2611764705882353,0.3788235294117647,0.3811764705882353,0.30980392156862746,0.36470588235294116,0.3458823529411765
Indonesia,high,0.07520246988538924,0.053092941556402456,0.046717800903877234,0.10439883566233449,0.10988695318706261,0.11865872651113504
Indonesia,low,0.5559619351585808,0.6170280729961102,0.6206521797926698,0.5706542343610572,0.5619600886093116,0.5503420500492859
Indonesia,medium,0.36883559495602986,0.3298789854474874,0.33263001930345293,0.3249469299766083,0.32815295820362583,0.33099922343957905
Iran,high,0.06632516383367873,0.058196398775893526,0.05896419079519866,0.09280238775863713,0.10125848938970132,0.1027415672629137
Iran,low,0.6119063856535453,0.6269064699802173,0.6245212830736429,0.6033026424624581,0.5767075475539535,0.5674819300986864
Iran,medium,0.321768450512776,0.31489713124388924,0.31651452613115844,0.3038949697789048,0.32203396305634524,0.32977650263839986
Iraq,high,0.12895956838761857,0.1046805104169287,0.13179981274098743,0.15202836936133787,0.18745991799061498,0.1884358427672154
Iraq,low,0.6865496406963388,0.7051202968575705,0.6077442318951652,0.6434216570527278,0.5790168247088163,0.5718791686582033
Iraq,medium,0.18449079091604256,0.19019919272550082,0.2604559553638473,0.20454997358593427,0.23352325730056864,0.23968498857458123
Ireland,high,0.09154798614661216,0.09370100367810404,0.10836751161127724,0.08817178698898903,0.08206210370121376,0.09001122806034674
Ireland,low,0.2518322435967765,0.2043156835694494,0.17099487773241423,0.21141745119139602,0.23469758546125696,0.25232244997366116
Ireland,medium,0.6566197702566113,0.7019833127524465,0.7206376106563085,0.7004107618196149,0.6832403108375292,0.6576663219659922
Isle of Man,high,0.2442138133725202,0.18497428361498897,0.24696914033798678,0.19783247612049965,0.2190484937545922,0.19700587803085967
Isle of Man,low,0.21353783982365906,0.21941587068332108,0.18818883174136664,0.2106906686260103,0.18708670095518,0.18378030859662015
Isle of Man,medium,0.5422483468038207,0.59560984570169,0.5648420279206466,0.59147685525349,0.5938648052902278,0.6192138133725202
Israel,high,0.2741594780491358,0.28880726180442107,0.30202599348601994,0.35105080418864876,0.3634821698005224,0.36679812558315383
Israel,low,0.4849099731879308,0.46374820934919164,0.4444906920843696,0.44333912585023394,0.43026260566140484,0.4236168198041644
Israel,medium,0.24093054876293343,0.24744452884638732,0.25348331442961053,0.2056100699611173,0.2062552245380728,0.2095850546126818
Italy,high,0.46604767350935705,0.43228837180581203,0.4369205287499636,0.4622517748317137,0.44624308948270014,0.4391823018933947
Italy,low,0.11840203942785833,0.09964655552030088,0.1024240103127571,0.11341864963231132,0.11855882416700991,0.12998221281513786
Italy,medium,0.41555028706278463,0.4680650726738871,0.4606554609372793,0.424329575535975,0.43519808635028995,0.4308354852914674
Jamaica,high,0.17044499772606395,0.18312508190023974,0.2043921653267145,0.2500250518380341,0.2826463990873423,0.2809043328117412
Jamaica,low,0.24753528455033877,0.20006012441128182,0.20235718525256108,0.25360939174137254,0.19639870192937695,0.21257062691261147
Jamaica,medium,0.5820197177235973,0.6168147936884785,0.5932506494207245,0.4963655564205934,0.5209548989832807,0.5065250402756473
Japan,high,0.3778201814326556,0.3823603756561992,0.3789894437105757,0.390549779775931,0.38157921785242516,0.38433915648661715
Japan,low,0.2955117687590174,0.2943626825842162,0.27747319052712927,0.2976618561253507,0.29112308564946116,0.29391576286607257
Japan,medium,0.32666804980832703,0.3232769417595846,0.34353736576229504,0.31178836409871824,0.32729769649811374,0.3217450806473103
Jersey,high,0.8467225234105471,0.8299655002464268,0.854115327747659,0.8240512567767373,0.8206012814194185,0.85066535239034
Jersey,low,0.10842779694430754,0.11335633316904879,0.10300640709709216,0.11483489403647117,0.11384918679152292,0.11286347954657466
Jersey,medium,0.04484967964514539,0.056678166584524396,0.04287826515524889,0.061113849186791525,0.06554953178905865,0.036471168063085264
Jordan,high,0.02342523225489586,0.026962666279286944,0.030372126645499133,0.05668022495693859,0.06038540823596959,0.0670071803598481
Jordan,low,0.8573171533124425,0.8534079039298289,0.8383571641037347,0.8186855375931268,0.8131800762307954,0.8051358941899959
Jordan,medium,0.11925761443266164,0.11962942979088413,0.13127070925076612,0.12463423744993463,0.1264345155332351,0.12785692545015598
Kazakhstan,high,0.02650141082242002,0.021060307969960775,0.02056762922332678,0.024922336818501784,0.027136196880241447,0.027348890388762107
Kazakhstan,low,0.6758254650647629,0.6780812182906089,0.7019581403593289,0.6825933702798986,0.6934672062559627,0.6578527189053054
Kazakhstan,medium,0.2976731241128171,0.30085847373943037,0.27747423041734426,0.29248429290159955,0.2793965968637958,0.3147983907059325
Kenya,high,0.01795501256873987,0.013978583076767134,0.020310399657891193,0.04458105381466416,0.06542815514806896,0.052781775311784546
Kenya,low,0.7233473855511405,0.6467473937464704,0.5615721908427356,0.6072563791862038,0.3843874653354493,0.5187993472080884
Kenya,medium,0.2586976018801196,0.3392740231767625,0.4181174094993732,0.3481625669991321,0.5501843795164817,0.4284188774801271
Kiribati,high,0.07676630434782608,0.07909549689440994,0.08190993788819875,0.07831909937888198,0.07822204968944099,0.089868012422360255
Kiribati,low,0.7380628881987578,0.718555900621118,0.7179736024844721,0.7118594720496895,0.7222437888198758,0.7105007763975155
Kiribati,medium,0.18517080745341616,0.20234860248447206,0.20011645962732919,0.20982142857142858,0.19953416149068323,0.19963121118012422
Kosovo,high,0.1036364077728823,0.13557635121193362,0.14102610785420383,0.36393814708274164,0.30211557368095254,0.38662928303535665
Kosovo,low,0.0741482479457209,0.038196846666423916,0.07446382405418199,0.06148272220806176,0.07413004163177123,0.06416511912998095
Kosovo,medium,0.8222153442813968,0.8262268021216425,0.7845100680916142,0.5745791307091966,0.6237543846872762,0.5492055978346624
Kuwait,high,0.08491967601915246,0.08298205575692487,0.0930460464491878,0.14806014230098,0.19398576990200028,0.19165883563789324
Kuwait,low,0.7697498545666085,0.754844050655569,0.7341522351993556,0.6263301561730881,0.5204680717769723,0.5084664608224818
Kuwait,medium,0.14533046941423905,0.16217389358750614,0.17280171835145658,0.2256097015259319,0.2855461583210274,0.29987470353962503
Kyrgyzstan,high,0.0840850192587188,0.0725953303979118,0.07746211457853976,0.08938701892649852,0.09012532472103728,0.10139515173415166
Kyrgyzstan,low,0.46937938271532154,0.4596742507444612,0.45687569378723825,0.4064160126007888,0.4401339423344681,0.4045926157629848
Kyrgyzstan,medium,0.44653559802595966,0.46773041885762695,0.465662191634222,0.5041969684727127,0.4697407329444946,0.4940122325028636
Laos,high,0.03971928728424952,0.03970998969827474,0.03621967592334326,0.10806026323325411,0.12076931945389699,0.13072219928817683
Laos,low,0.5709227296224808,0.5780774079817916,0.5693670575371811,0.3967618367567045,0.4011607106330912,0.3775712474013247
Laos,medium,0.3893579830932697,0.38221260231993365,0.39441326653947567,0.4951779000100414,0.47806996991301176,0.49170655331049845
Latvia,high,0.0974815539396811,0.06476812031684046,0.05053551845752343,0.07576812413787833,0.0815929142673733,0.07981460324253274
Latvia,low,0.3004589066482238,0.37872446113813435,0.42439426997160967,0.24736023598729887,0.25107963425025503,0.22858594851533573
Latvia,medium,0.6020595394120951,0.5565074185450252,0.5250702115708669,0.6768716398748228,0.6673274514823716,0.6915994482421315
Lebanon,high,0.3150777753784522,0.2826943267533899,0.29428803323975966,0.46161120501574865,0.512840942091037,0.5157449533496653
Lebanon,low,0.26114507397782527,0.274101431900936,0.26753389874680744,0.19505275620453175,0.1528180078482766,0.1675242187092787
Lebanon,medium,0.4237771506437225,0.44320424134567415,0.4381780680134329,0.3433360387797196,0.3343410500606864,0.316730827941056
Lesotho,high,0.03873725662914362,0.03314377501716388,0.04280995375467959,0.055108359133126936,0.03908960192753604,0.04649662551653562
Lesotho,low,0.49822661502389987,0.6398435172351257,0.6134616630179929,0.49620322033239633,0.5120509864372967,0.4900397683847818
Lesotho,medium,0.4630361283469565,0.3270127077477104,0.34372838322732746,0.4486884205344767,0.4488594116351672,0.4634636060986826
Liberia,high,0.005016914141042217,0.010611770825273988,0.006519564753335054,0.02713906322971072,0.021778180058931496,0.030447318206774793
Liberia,low,0.7423355031036447,0.4823648290268846,0.653647423355031,0.6184376721592959,0.7572902324913705,0.6079386933464831
Liberia,medium,0.2526475827553131,0.5070234001478414,0.3398330118916339,0.3544232646109934,0.220931587449698,0.36161398844674214
Libya,high,0.006773282874458784,0.007658938653802233,0.0076524568084444305,0.009149419351873408,0.00932005884140648,0.009166065909269584
Libya,low,0.9669287902013747,0.9632495572825963,0.9643181287737415,0.9639314768771706,0.9651533538320056,0.9652941375489815
Libya,medium,0.026297926924166486,0.029091504063601437,0.028029414417814154,0.02691910377095594,0.025526587326587927,0.025539796541748903
Liechtenstein,high,0.5288332588287885,0.5377738042020563,0.5131873044255699,0.556995976754582,0.5529727313366115,0.5212337952615109
Liechtenstein,low,0.1586946803755029,0.10236924452391596,0.17612874385337507,0.12963790791238267,0.1426016987036209,0.2364774251229325
Liechtenstein,medium,0.31247206079570855,0.3598569512740277,0.310683951721055,0.3133661153330353,0.30442556995976755,0.24228877961555656
Lithuania,high,0.1601108567373443,0.11495657162816685,0.09564752172603971,0.1453054605714954,0.16170400745366942,0.1621702569192606
Lithuania,low,0.15551553361461085,0.19346270834041268,0.20826652399959855,0.1343501786367656,0.1318245289892581,0.1216705639326799
Lithuania,medium,0.6843736096480448,0.6915807200314205,0.6960859542743617,0.720344360791739,0.7064714635570725,0.7161591791480595
Luxembourg,high,0.5573598625950793,0.36354308402667795,0.39048872432022486,0.4974682697240749,0.4258214182150744,0.40014721955789523
Luxembourg,low,0.004818094622024938,0.0322544667752225,0.01949543842430461,0.007249447926657893,0.02645490843389619,0.03372666235417457
Luxembourg,medium,0.43782204278289577,0.6042024491980995,0.5900158372554706,0.49528228234926724,0.5477236733510294,0.5661261180879302
Macao,high,0.8005540166204986,0.8310249307479224,0.8365650969529086,0.9418282548476454,0.9418282548476454,0.9501385041551247
Macao,low,0.05817174515235457,0.055401662049861494,0.04709141274238227,0.027700831024930747,0.0221606648199446,0.0221606648199446
Macao,medium,0.14127423822714683,0.11357340720221606,0.11634349030470914,0.030470914127423823,0.036011080332409975,0.027700831024930747
Madagascar,high,0.05260278507751819,0.025192008968358607,0.02624863246894515,0.028501387902699054,0.028171459703323444,0.029410823607443466
Madagascar,low,0.30311271612963503,0.41869068847340374,0.3677469302811941,0.334631098321021,0.33799209964172927,0.3156654886428617
Madagascar,medium,0.6442844987928468,0.5561173025582377,0.6060044372498608,0.6368675137762799,0.6338364406549473,0.6549236877496949
Malawi,high,0.05596350491028092,0.04568352148348932,0.02733643527983454,0.07026257645328235,0.0640654896966201,0.07005243361570745
Malawi,low,0.2373346401325176,0.2283818746272517,0.36094542156610016,0.2514805711461122,0.26846385585732746,0.24647712973810418
Malawi,medium,0.7067018549572015,0.725934603889259,0.6117181431540654,0.6782568524006054,0.6674706544460525,0.6834704366461883
Malaysia,high,0.11873797352850385,0.11173756420350932,0.1113573407202216,0.14234582658491046,0.14590491421173662,0.15345335666893767
Malaysia,low,0.4866553252365858,0.5063589521824093,0.5290219580421482,0.5139481911506928,0.5269984510924626,0.5119861509443713
Malaysia,medium,0.3946067012349104,0.38190348361408133,0.3596207012376302,0.34370598226439675,0.3270966346958008,0.3345604923866911
Maldives,low,0.9800347222222222,0.9574652777777778,0.953125,0.8298611111111112,0.8272569444444444,0.8203125
Maldives,medium,0.019965277777777776,0.019097222222222224,0.019097222222222224,0.0546875,0.06163194444444445,0.06684027777777778
Maldives,high,0,0.0234375,0.027777777777777776,0.1154513888888889,0.1111111111111111,0.11284722222222222
Mali,high,0.0050801821769231445,0.006644388677233542,0.0070329725090554395,0.014438258433708981,0.010486044986543548,0.014890698543430132
Mali,low,0.8307229299928921,0.7937082777001964,0.7802230299640478,0.715968024751728,0.7496295416841596,0.6988794584769787
Mali,medium,0.16419688783018477,0.19964733362257006,0.21274399752689674,0.26959371681456296,0.23988441332929683,0.2862298429795911
Malta,high,0.8962516733601071,0.892681838464971,0.891343150379295,0.8980365908076752,0.8987059348505132,0.8982597054886211
Malta,low,0.07050423917893797,0.06938866577420794,0.06849620705042392,0.07072735385988398,0.071173583221776,0.071173583221776
Malta,medium,0.03324408746095493,0.03792949576082106,0.040160642570281124,0.031236055332440876,0.030120481927710843,0.030566711289602855
Marshall Is.,high,0.006107717934480844,0.003886729594669628,0.003331482509716824,0.004997223764575236,0.004997223764575236,0.007773459189339256
Marshall Is.,low,0.9777901166018879,0.9750138811771238,0.9722376457523598,0.971682398667407,0.9711271515824542,0.968906163242643
Marshall Is.,medium,0.016102165463631316,0.02109938922820655,0.024430871737923375,0.023320377568017768,0.02387562465297057,0.023320377568017768
Mauritania,high,0.0015707645456002565,0.0015767548865801792,0.0010575380346176948,0.002188902974285247,0.0016636957813428402,0.0022017741123367025
Mauritania,low,0.9503127929398165,0.9487344190421607,0.9538124472809518,0.922989876323744,0.9475941495415771,0.930759186673596
Mauritania,medium,0.04811644251458324,0.04968882607125916,0.04513001468443045,0.07482122070197082,0.05074215467708015,0.06703903921406726
Mauritius,high,0.3486188540051138,0.5286917885735842,0.4781825040868508,0.6221654021880371,0.6033030137905018,0.6419918682147797
Mauritius,low,0.32099593410738986,0.1413421637255313,0.16200695812549776,0.09976107641363122,0.11690489164605776,0.10701261684201702
Mauritius,medium,0.3303852118874963,0.32996604770088445,0.35981053778765143,0.27807352139833175,0.2797920945634405,0.25099551494320327
Mexico,high,0.07740216614201567,0.0765065480472852,0.07921830262498727,0.1131949408109179,0.11311998967617981,0.11410419775988284
Mexico,low,0.502237960801933,0.5053780671624731,0.5113481315040808,0.48487069427732443,0.5029001334313719,0.48665325498763934
Mexico,medium,0.4203598730560514,0.41811538479024174,0.409433565870932,0.40193436491175766,0.3839798768924484,0.3992425472524778
Micronesia,high,0.03415397751529813,0.04767326028177032,0.03401166927565106,0.05322328162800626,0.047104027323182016,0.057350220577771456
Micronesia,low,0.7277643375551445,0.5773445282481856,0.6863526398178454,0.3808168492955742,0.5016365447559413,0.44585171481428776
Micronesia,medium,0.23808168492955742,0.3749822114700441,0.2796356909065035,0.5659598690764195,0.45125942792087664,0.4967980646079408
Moldova,high,0.14843059076705384,0.16752771063026944,0.15931769942809976,0.25458220328990033,0.2704715966039738,0.28655444844054007
Moldova,low,0.051561302399622665,0.03494782147279052,0.03559821060079005,0.021798169329638583,0.020138110960438653,0.02281152349507694
Moldova,medium,0.8000081068333235,0.7975244678969401,0.8050840899711101,0.723619627380461,0.7093902924355875,0.690634028064383
Monaco,high,0.8625429553264605,0.9209621993127147,0.9140893470790378,0.852233676975945,0.8419243986254296,0.7869415807560137
Monaco,low,0.041237113402061855,0.037800687285223365,0.037800687285223365,0.03436426116838488,0.03436426116838488,0.037800687285223365
Monaco,medium,0.09621993127147767,0.041237113402061855,0.048109965635738834,0.1134020618556701,0.12371134020618557,0.17525773195876287
Mongolia,high,0.004784561231145718,0.002702699393157657,0.0024304978538897504,0.005306804236610961,0.005737681379309309,0.006227770553260393
Mongolia,low,0.8647852777796761,0.8850711853833896,0.887783207017625,0.8476966223585025,0.84102146323555,0.8320030640152369
Mongolia,medium,0.13043016098917826,0.11222611522345273,0.10978629512848517,0.14699657340488653,0.15324085538514068,0.16176916543150263
Montenegro,high,0.09542649762709254,0.08136714124815896,0.067115256880469,0.09831923065815693,0.0879227192653132,0.09178771863959723
Montenegro,low,0.22728891712632723,0.18711313907259267,0.23173631366659928,0.2642302249689549,0.2635226846102752,0.2391823336317517
Montenegro,medium,0.6772845852465802,0.7315197196792483,0.7011484294529318,0.6374505443728882,0.6485545961244116,0.6690299477286511
Montserrat,high,0.13379073756432247,0.29073756432247,0.3421955403087479,0.34476843910806176,0.29588336192109777,0.2727272727272727
Montserrat,low,0.5265866209262435,0.28130360205831906,0.24356775300171526,0.120926243567753,0.12864493996569468,0.13979416809605488
Montserrat,medium,0.33962264150943394,0.427958833619211,0.4142367066895369,0.5343053173241853,0.5754716981132075,0.5874785591766724
Morocco,high,0.039900720533181694,0.03108236634868495,0.03399903197665303,0.05919939037358642,0.06574240423778527,0.06364169648387627
Morocco,low,0.7478642935705957,0.7643492929480326,0.7388556935399202,0.7289558245209052,0.7186791375224244,0.7271163439944044
Morocco,medium,0.21223498589622258,0.20456834070328248,0.22714527448342678,0.2118447851055084,0.21557845823979033,0.2092419595217193
Mozambique,high,0.022744499611419347,0.018418243545703667,0.015950985225217686,0.031201631733636354,0.02856939553587735,0.030215469389302894
Mozambique,low,0.48068636463292747,0.5527183864684142,0.5699230510054061,0.4827185128715435,0.5015415733353906,0.46631378399971757
Mozambique,medium,0.49656913575565315,0.4288633699858821,0.41412596376937616,0.4860798553948202,0.469889031128732,0.5034707466109796
Myanmar,high,0.10547253888967027,0.07794575512695837,0.08067789562964357,0.11684390952124005,0.11996393177353588,0.11890636954371607
Myanmar,low,0.5268120431375788,0.5293253559908563,0.5177370430715911,0.48638159243431994,0.4900704911606073,0.4967586232988224
Myanmar,medium,0.367715417972751,0.3927288888821854,0.40158506129876537,0.39677449804444,0.38996557706585683,0.3843350071574615
N. Cyprus,high,0.4004768632991876,0.3555943129636171,0.3243553514659131,0.48860826563051923,0.5164032144118686,0.5401801483574709
N. Cyprus,low,0.0765630519251148,0.12605969622041682,0.07998498763687743,0.07152949487813494,0.06702578594136348,0.06307400211939244
N. Cyprus,medium,0.5229600847756977,0.5183459908159661,0.5956596608972095,0.43986223949134584,0.4165709996467679,0.3967458495231367
N. Mariana Is.,high,0.13148532463682183,0.2281351912244293,0.24399644233619924,0.23599169878446488,0.22932107915801958,0.24369997035280166
N. Mariana Is.,low,0.7222057515564779,0.48413874888823005,0.4497479988141121,0.416098428698488,0.41639490068188556,0.433293803735547
N. Mariana Is.,medium,0.14630892380670027,0.2877260598873406,0.3062555588496887,0.34790987251704714,0.35428402016009486,0.32300622591165135
Namibia,high,0.01463121029522991,0.009670102544729912,0.012854639563047167,0.013661723212192924,0.012211066872760282,0.01262799968103281
Namibia,low,0.7971059567122859,0.815740769081447,0.795320525780362,0.7807273740703838,0.7966899300608051,0.7957547762517649
Namibia,medium,0.18826283299248414,0.1745891283738231,0.19182483465659075,0.20561090271742327,0.19109900306643457,0.1916172240672022
Nauru,high,0.69375,0.534375,0.646875,0.665625,0.659375,0.60625
Nauru,low,0.265625,0.296875,0.3,0.284375,0.290625,0.290625
Nauru,medium,0.040625,0.16875,0.053125,0.05,0.05,0.103125
Nepal,high,0.06661133349367784,0.031568362596206705,0.05768268536970863,0.08161249312809236,0.08746220450797142,0.0800421548584387
Nepal,low,0.4864875747319956,0.49643788224986257,0.41535420388949973,0.5061798850673447,0.5073325402006597,0.5235534634414514
Nepal,medium,0.4469010917743266,0.4719937551539307,0.5269631107407916,0.41220762180456294,0.40520525529136886,0.39640438170010994
Netherlands,high,0.665170799702957,0.6394184531852988,0.6443564880756729,0.6873668480576556,0.7054724687435326,0.6393514967800056
Netherlands,low,0.06463880062817282,0.06365271538658193,0.05803750776085607,0.06000511303458603,0.05861424588826802,0.06626553692950099
Netherlands,medium,0.27019039966887015,0.29692883142811927,0.297606004163471,0.2526280389077584,0.23591328536819936,0.29438296629049343
New Caledonia,high,0.05060488513381866,0.04907717377827373,0.04756717501815541,0.053810864906034685,0.054519368723098996,0.05180491347397134
New Caledonia,low,0.6199231273358485,0.4452503675363551,0.4368634536018563,0.4902580725153657,0.4795020989425581,0.4840586641160529
New Caledonia,medium,0.3294719875303328,0.5056724586853711,0.5155693713799883,0.45593106257859967,0.46597853233434294,0.4641364224099757
New Zealand,high,0.07096422174747524,0.05067116436489904,0.05849459718253334,0.05909634196718252,0.056573533818154054,0.06376443030281649
New Zealand,low,0.5195095475120234,0.6037191580777295,0.5397718273850673,0.5538744232445127,0.5490725676778477,0.5466257129925081
New Zealand,medium,0.4095262307405013,0.34560967755737154,0.4017335754323993,0.3870292347883047,0.39435389850399816,0.3896098567046754
Nicaragua,high,0.03225963705523865,0.03574905575863594,0.0351273330497901,0.040676914729317476,0.043506459557644296,0.04827606183880143
Nicaragua,low,0.3759140383574651,0.32643621478258783,0.29892993043770694,0.32304076098859563,0.262673605468899,0.23383273680923428
Nicaragua,medium,0.5918263245872962,0.6378147294587763,0.665942736512503,0.6362823242820869,0.6938199349734567,0.7178912013519643
Niger,high,0.008460561418017275,0.003570216680523161,0.003509702085493258,0.005582651924309962,0.00460828028858385,0.007787029642547219
Niger,low,0.8452484380482556,0.9116640726510209,0.9095976942061752,0.9082130798325435,0.9155240805843543,0.8473498398565732
Niger,medium,0.14629100053372718,0.08476571066845591,0.08689260370833149,0.08620426824314649,0.0798676391270618,0.1448631305008796
Nigeria,high,0.03429205011469818,0.04503220414808965,0.039333176472827414,0.08938698843074465,0.10159763687673318,0.10823986683883127
Nigeria,low,0.46920133304887396,0.331905048186052,0.3616649108065462,0.2132929665153963,0.20608139700756378,0.19999714504815885
Nigeria,medium,0.4965066168364279,0.6230627476658583,0.5990019127206263,0.697320045053859,0.692320966115703,0.6917629881130098
Niue,low,1,0.5934865900383142,0.49386973180076627,0.593103448275862,0.5478927203065134,0.6111111111111112
Niue,high,0,0.011111111111111112,0.011111111111111112,0.04099616858237548,0.047126436781609195,0.05632183908045977
Niue,medium,0,0.3954022988505747,0.4950191570881226,0.36590038314176243,0.4049808429118774,0.3325670498084291
Norfolk Island,low,1,0.5779467680608364,0.5608365019011406,0.19961977186311788,0.20532319391634982,0.20912547528517111
Norfolk Island,high,0,0.21863117870722434,0.2509505703422053,0.49619771863117873,0.43155893536121676,0.467680608365019
Norfolk Island,medium,0,0.20342205323193915,0.188212927756654,0.3041825095057034,0.36311787072243346,0.3231939163498099
North Korea,high,0.08566445245201865,0.07675445121139977,0.0917064347701122,0.15192023662699866,0.16589263650596817,0.16279838708319275
North Korea,low,0.44568475144678055,0.38398501377311495,0.36717715419994396,0.3535483103163915,0.2442632604474424,0.2709365662027351
North Korea,medium,0.4686507961012008,0.5392605350154853,0.5411164110299438,0.49453145305660984,0.5898441030465894,0.5662650467140722
North Macedonia,high,0.13838560772642328,0.1157525968598095,0.11321030970647897,0.181423467839402,0.15880909153831,0.18583719778727845
North Macedonia,low,0.1180819175500338,0.11226260894565629,0.1519755301533891,0.11835611187128307,0.1939671925163585,0.14719975721823206
North Macedonia,medium,0.7435324747235429,0.7719847941945343,0.7348141601401319,0.700220420289315,0.6472237159453315,0.6669630449944894
Norway,high,0.016254694753805452,0.012858533635972875,0.011143998299206153,0.019843586833481936,0.019373925461431796,0.017616765247999322
Norway,low,0.8446824766156164,0.8753753636790362,0.8810017598735013,0.8416824555219915,0.8425432679696458,0.8488002847726873
Norway,medium,0.13906282863057826,0.11176610268499088,0.10785424182729257,0.13847395764452655,0.13808280656892236,0.13358294997931336
Oman,high,0.016427029558533,0.018591030699747532,0.015912675555938352,0.033256444901408756,0.03524414992975071,0.03710858225626726
Oman,low,0.9011692065867457,0.9017263561342973,0.9031014658147034,0.8593539218483369,0.8534276809121103,0.8499555895288183
Oman,medium,0.08240376385472124,0.07968261316595521,0.08098585862935828,0.10738963325025436,0.11132816915813896,0.11293582821491438
Pakistan,high,0.1941225325229751,0.16474861657029605,0.15138095873825025,0.23034706757700124,0.22561321280472207,0.22476081851894583
Pakistan,low,0.5322802338209076,0.5504986284362645,0.5505404926394554,0.46476198467254637,0.4687625492615457,0.4546631122684158
Pakistan,medium,0.2735972336561173,0.2847527549934395,0.2980785486222944,0.3048909477504524,0.3056242379337323,0.3205760692126383
Palau,high,0.047520271544408826,0.07392042240241373,0.0933433905336602,0.1463322647557986,0.13520648689421083,0.1402979445596832
Palau,low,0.6937582500471431,0.5655289458796907,0.5297001697152555,0.36620780690175375,0.39807656043748824,0.3837450499717141
Palau,medium,0.25872147840844806,0.36055063171789553,0.3769564397510843,0.48745992834244767,0.466716952668301,0.4759570054686027
Palestine,high,0.21014729950900163,0.2580637038902178,0.2804104242729447,0.48995341810399096,0.5708044819337782,0.6060052876746821
Palestine,low,0.4034999370514919,0.3052624952788619,0.3215158000755382,0.22185572201938814,0.20842251038650383,0.18010827143396702
Palestine,medium,0.3863527634395065,0.43667380083092033,0.3980737756515171,0.2881908598766209,0.220773007679718,0.21388644089135087
Panama,high,0.05707112116785896,0.04614884435073264,0.05029349540149008,0.07264233666716897,0.07812898609708664,0.07611064901224884
Panama,low,0.40028690999830324,0.46014407200990065,0.3993222374233631,0.4867182503473652,0.4508224634628779,0.45731412847824976
Panama,medium,0.5426419688338379,0.4937070836393667,0.5503842671751468,0.44063941298546583,0.47104855044003546,0.4665752225095014
Papua New Guinea,high,0.010171327777386352,0.006804688930551808,0.006890802480910382,0.009043068422466586,0.010093042731605831,0.009898475751970826
Papua New Guinea,low,0.7595906341298742,0.8082804957009099,0.777747800333418,0.838828848077558,0.826248059342356,0.8182750138383139
Papua New Guinea,medium,0.23023803809273952,0.18491481536853832,0.2153613971856717,0.15212808349997547,0.1636588979260382,0.17182651040971528
Paraguay,high,0.024545494942080588,0.01919606524892962,0.018121776826146314,0.06788589419390516,0.07595540077829337,0.0818514379665296
Paraguay,low,0.6749004092253027,0.6663949744203327,0.6861868150948427,0.3858929595638002,0.4230468399627064,0.36780327561278875
Paraguay,medium,0.3005540958326167,0.3144089603307377,0.295691408079011,0.5462211462422947,0.5009977592590003,0.5503452864206816
Peru,high,0.024069448483778812,0.01958271580810116,0.023118517181761295,0.03890831226516062,0.04427588386657448,0.043792349044442604
Peru,low,0.7874428516341336,0.7911466011796444,0.7771969874091526,0.7347885012123245,0.7140226260925948,0.7153019316296395
Peru,medium,0.18848769988208752,0.18927068301225441,0.19968449540908612,0.2263031865225148,0.2417014900408307,0.24090571932591787
Philippines,high,0.16502972432887353,0.1524656391170439,0.12323291465967946,0.19676787238438279,0.2002234131894871,0.2160850341484705
Philippines,low,0.239308498316948,0.221762781938412,0.2549277454794902,0.23730869090424506,0.24883888641612628,0.25411148538766243
Philippines,medium,0.5956617773541785,0.625771578944544,0.6218393398608303,0.5659234367113721,0.5509377003943866,0.529803480463867
Pitcairn Is.,high,0.0038461538461538464,0,0,0.021153846153846155,0.0057692307692307696,0
Pitcairn Is.,low,0.7615384615384615,0.8269230769230769,0.8384615384615385,0.8269230769230769,0.8673076923076923,0.8038461538461539
Pitcairn Is.,medium,0.23461538461538461,0.17307692307692307,0.16153846153846155,0.1519230769230769,0.12692307692307692,0.19615384615384615
Poland,high,0.30350391626840206,0.2914419366957033,0.2660993514783807,0.4101313143296162,0.4126158780463004,0.4241321857099278
Poland,low,0.15425496983357626,0.1481487758307065,0.1687314284423053,0.09917670801839361,0.11103920222802201,0.10460394564394582
Poland,medium,0.5422411138980217,0.5604092874735903,0.5651692200793139,0.4906919776519902,0.4763449197256776,0.4712638686461264
Portugal,high,0.31316150570043744,0.2976433746953162,0.2888065033554047,0.3196563750415779,0.3193449668172185,0.328714490180791
Portugal,low,0.1525521457238953,0.13679307112912378,0.14385771902189026,0.15811733649742274,0.16580252778617544,0.15030788499262393
Portugal,medium,0.5342863485756673,0.56556355417556,0.567335777622705,0.5222262884609994,0.514852505396606,0.520977624826585
Puerto Rico,high,0.45314904504300374,0.5681781705233145,0.5597284768837152,0.5706517121250744,0.5929513505348326,0.5919506046959526
Puerto Rico,low,0.20984507321494322,0.06782413308031457,0.06290537287223497,0.1061923509030315,0.08699880099319304,0.0886981807195929
Puerto Rico,medium,0.33700588174205304,0.36399769639637086,0.3773661502440498,0.32315593697189415,0.3200498484719744,0.3193512145844545
Qatar,high,0.05141989524231571,0.04326884657576044,0.05556806706816514,0.18846938997900486,0.2189086893665865,0.22724135676457127
Qatar,low,0.7901795119541449,0.8322569396517279,0.7745820952989808,0.6271149501274963,0.5864323542872918,0.5717938845340753
Qatar,medium,0.15840059280353938,0.12447421377251164,0.1698498376328541,0.18441565989349878,0.1946589563461217,0.2009647587013534
Romania,high,0.1186450836148783,0.11426597646160293,0.10362490254212567,0.2351930328890492,0.22542974281728836,0.2391645407148502
Romania,low,0.21798104411195324,0.16351548453138012,0.257872474713991,0.16241865250897672,0.21405435364876976,0.19710914751542088
Romania,medium,0.6633738722731685,0.7222185390070169,0.6385026227438834,0.6023883146019741,0.5605159035339419,0.5637263117697289
Russia,high,0.01529105859979596,0.012847547788917444,0.012358231854488073,0.015214334569014821,0.014231536745975038,0.014327786031715072
Russia,low,0.8412713853397559,0.8476445805019589,0.8488156884506435,0.8439366588633621,0.8494868544078035,0.8498285576154112
Russia,medium,0.14343755606044822,0.13950787170912363,0.13882607969486843,0.14084900656762303,0.1362816088462215,0.1358436563528737
Rwanda,high,0.03441204673028095,0.06403686132828633,0.03767296704243865,0.15216071883899746,0.16939547277957542,0.1559675200844679
Rwanda,low,0.35225122015162563,0.2227517426889664,0.2613548621111945,0.17748672108716498,0.15801457358439067,0.17256661004349091
Rwanda,medium,0.6133367331180934,0.7132113959827473,0.7009721708463669,0.6703525600738376,0.6725899536360339,0.6714658698720412
S. Geo. and the Is.,high,0.0010121896554217216,0,0,0,0.018045895570947264,0
S. Geo. and the Is.,low,0.9839640238876759,0,0,0,0.9413942189510823,0
S. Geo. and the Is.,medium,0.01502378645690241,0,0,0,0.04055988547797042,0
S. Sudan,high,0.0011975368753819199,8.704345144043123e-4,7.455614557172275e-4,0.003163686518560337,0.004568826621748192,0.004362920423052387
S. Sudan,low,0.8869755985598445,0.9168782414139873,0.9090867565121017,0.9207101331446614,0.8954639967496236,0.9078484909380767
S. Sudan,medium,0.11182686456477355,0.0822513240716084,0.09016768203218105,0.07612618033677826,0.09996717662862822,0.08778858863887093
Saint Helena,high,0.03122043519394513,0.04478082623777988,0.052403637938501516,0.07145950627977479,0.08271979211779991,0.10090948462537895
Saint Helena,low,0.8281299274676758,0.6603595080416272,0.5946297098310958,0.5326981377219575,0.5827197921177999,0.5101775660459074
Saint Helena,medium,0.14064963733837907,0.29485966572059286,0.35296665223040274,0.39584235599826767,0.33456041576440015,0.38891294932871373
Saint Lucia,high,0.06845579793340988,0.21727898966704937,0.23435706084959818,0.35978760045924224,0.32907577497129736,0.3747129735935706
Saint Lucia,low,0.7468427095292767,0.32276119402985076,0.31156716417910446,0.25487944890929964,0.2396670493685419,0.25889781859931116
Saint Lucia,medium,0.18470149253731344,0.4599598163030999,0.45407577497129736,0.3853329506314581,0.43125717566016075,0.36638920780711826
Samoa,low,1,1,1,1,1,1
San Marino,high,0.9720129171151776,0.9429494079655544,0.9311087190527448,0.8406889128094726,0.813778256189451,0.9095801937567277
San Marino,medium,0.02798708288482239,0.05705059203444564,0.0688912809472551,0.15931108719052745,0.18622174381054898,0.09041980624327234
Saudi Arabia,high,0.011784597150581323,0.012792885397181566,0.01320907715931965,0.025380647711595077,0.030770925590943462,0.03245845578077192
Saudi Arabia,low,0.9107461052732431,0.9073146466629617,0.9073436526806699,0.884008162794512,0.8686479687845986,0.863031163674715
Saudi Arabia,medium,0.07746929757617563,0.07989246793985673,0.07944727016001045,0.09061118949389298,0.10058110562445795,0.10451038054451303
Senegal,high,0.018370713202156014,0.02543891996210858,0.03570979060354669,0.07132374860060105,0.073483294433538765,0.07119479412550539
Senegal,low,0.6493184623503719,0.5277294075822582,0.43635412135411034,0.4413590565125322,0.41390897668882887,0.470909504430602
Senegal,medium,0.332310824447472,0.44683167245563327,0.527936088042343,0.48731719488686676,0.5126077288776324,0.45789570144389263
Serbia,high,0.14081313480735577,0.13410802428889532,0.12099099091616577,0.26555244280141227,0.22348291994980096,0.25296945947988675
Serbia,low,0.08632923230512779,0.0526043453235737,0.11405415417020001,0.08621295391139752,0.13265454436726698,0.09804261935354197
Serbia,medium,0.7728576328875164,0.8132876303875309,0.7649548549136342,0.6482346032871902,0.6438625356829321,0.6489879211665713
Seychelles,high,0.14453850918851952,0.28185009291761304,0.14557092711129466,0.37146396861449515,0.36630187900061945,0.37435473879826553
Seychelles,low,0.7100970472847409,0.4749122444765641,0.6192442700805286,0.45075366508362585,0.451786083006401,0.4524055337600661
Seychelles,medium,0.14536444352673963,0.24323766260582283,0.23518480280817675,0.177782366301879,0.18191203799297956,0.17323972744166838
Siachen Glacier,high,0.0028759820426487092,0,3.5072951739618404e-4,0.0011924803591470258,5.962401795735129e-4,9.118967452300785e-4
Siachen Glacier,low,0.9822881593714927,0.9891624579124579,0.9786054994388328,0.9796927609427609,0.9838313692480359,0.9784652076318743
Siachen Glacier,medium,0.014835858585858586,0.010837542087542087,0.021043771043771045,0.01911475869809203,0.015572390572390573,0.020622895622895623
Sierra Leone,high,0.03273968272782947,0.008476313242063258,0.00812935854125921,0.031659307769809755,0.0340015606787965,0.03100120508109603
Sierra Leone,low,0.5239522214978566,0.5018088563582844,0.5731395325865781,0.37332819692210434,0.41793718761729787,0.4165110926727118
Sierra Leone,medium,0.443308095774314,0.4897148303996523,0.41873110887216264,0.5950124953080859,0.5480612517039056,0.5524877022461921
Singapore,high,0.9290842234284714,0.9306601295745054,0.9387147609875679,0.9436175801085624,0.9465942917177377,0.9387147609875679
Singapore,low,0.026090001751006828,0.02188758536158291,0.014533356680091052,0.014533356680091052,0.014708457362983715,0.018035370337944317
Singapore,medium,0.0448257748205218,0.04745228506391175,0.046751882332341094,0.04184906321134652,0.038697250919278586,0.04324986867448783
Sint Maarten,high,0.6593406593406593,0.5824175824175825,0.684981684981685,0.7619047619047619,0.7509157509157509,0.7326007326007326
Sint Maarten,low,0.22344322344322345,0.24175824175824176,0.1794871794871795,0.10256410256410256,0.11355311355311355,0.10622710622710622
Sint Maarten,medium,0.11721611721611722,0.17582417582417584,0.13553113553113552,0.13553113553113552,0.13553113553113552,0.16117216117216118
Slovakia,high,0.26405021583633975,0.25102398058883635,0.2231142994181803,0.3038256822550512,0.2728922069526411,0.28258920192688675
Slovakia,low,0.2769047142974555,0.2030247754848191,0.27596506873764876,0.18514697602186456,0.2669329404649896,0.2491925304311452
Slovakia,medium,0.4590450698662048,0.5459512439263445,0.5009206318441709,0.5110273417230843,0.46017485258236923,0.46821826764196806
Slovenia,high,0.1785931369840305,0.20673776500709143,0.196272555917801,0.26009221909094815,0.2376452819067617,0.2478526213675686
Slovenia,low,0.32692957089265867,0.2379062214117748,0.24675667544651353,0.2382592572126749,0.25654651169929943,0.2474995855666685
Slovenia,medium,0.4944772921233108,0.5553560135811337,0.5569707686356855,0.5016485236963769,0.5058082063939389,0.5046477930657629
Solomon Is.,high,0.012116934106648537,0.011700566974930144,0.010474235657290816,0.01247149674225248,0.011489130540854398,0.012751243408875776
Solomon Is.,low,0.7784406400343503,0.7079607443863627,0.642005588427596,0.7900696439085163,0.7859710299556634,0.7504399504262884
Solomon Is.,medium,0.20944242585900116,0.2803386886387072,0.34752017591511314,0.19745885934923119,0.2025398395034822,0.23680880616483585
Somalia,high,0.01217304562794285,0.007345501036184428,0.006619134809574005,0.007870664572298142,0.023286712891114836,0.008665669767362924
Somalia,low,0.7308888557846245,0.7293799298901965,0.7618995268813961,0.814604071950233,0.6251906899913448,0.7613900145386386
Somalia,medium,0.25693809858743266,0.26327456907361907,0.23148133830902998,0.1775252634774689,0.35152259711754047,0.22994431569399842
Somaliland,high,0.0017865395770628111,0.00134385254573994,0.0012154154046664792,0.003594660804879769,0.006365007827296262,0.005808622343219835
Somaliland,low,0.8762423924681092,0.8823073627117503,0.9075473664595881,0.8692862579628395,0.7253371738144041,0.7958902220383396
Somaliland,medium,0.12197106795482802,0.11634878474250986,0.09123721813574542,0.12711908123228066,0.26829781835829963,0.19830115561844064
South Africa,high,0.05502588340517139,0.05579826933665097,0.05128602771316612,0.06152020552092833,0.0577622410134361,0.059026775745951554
South Africa,low,0.5027923536618273,0.5113881331776232,0.5048884811622726,0.5018835736732756,0.5158687806974925,0.5140419736656725
South Africa,medium,0.4421817629330014,0.43281359748572584,0.4438254911245613,0.4365962208057961,0.4263689782890714,0.42693125058837594
South Korea,high,0.40005811577219497,0.4026197592157893,0.4503333952158685,0.6517845284367371,0.6267059584075985,0.6163566547328766
South Korea,low,0.1402241126154519,0.11478525415010453,0.0994065880685091,0.0672616684656629,0.0625456322548406,0.06890314551617005
South Korea,medium,0.4597177716123531,0.48259498663410616,0.4502600167156224,0.2809538030976,0.3107484093375609,0.31474019975095335
Southern Patagonian Ice Field,high,1.2455885405854267e-4,0,6.227942702927133e-4,0.0019099024288976542,0.0026987751712684244,0.0026987751712684244
Southern Patagonian Ice Field,low,0.9961801951422047,0.995557400871912,0.9917375960141167,0.9811500934191405,0.980859456093004,0.9834336724102138
Southern Patagonian Ice Field,medium,0.003695246003736766,0.004442599128088021,0.007639609715590617,0.016940004151961802,0.01644176873572763,0.01386755241851775
Spain,high,0.23613123586700965,0.20240498612305066,0.2112272732315447,0.23201861516244432,0.23474232330193737,0.253670687829657
Spain,low,0.24460216841369842,0.21288880013702421,0.21228553098373595,0.21302179264155044,0.23547303796821006,0.2225428653918327
Spain,medium,0.5192665957192919,0.5847062137399252,0.5764871957847194,0.5549595921960052,0.5297846387298526,0.5237864467785103
Spratly Is.,low,1,1,1,1,1,1
Sri Lanka,high,0.11440735740352097,0.11038778756566724,0.13096285206325442,0.19011348901870095,0.19761927040864066,0.19351414936705477
Sri Lanka,low,0.4711705810798166,0.2975297089922336,0.274773088799476,0.2721036238955206,0.25422876926573007,0.26127471293560933
Sri Lanka,medium,0.41442206151666244,0.5920825034420992,0.5942640591372695,0.5377828870857785,0.5481519603256293,0.5452111376973359
St-Barthélemy,high,0.3929824561403509,0.5578947368421052,0.4,0.5052631578947369,0.5087719298245614,0.512280701754386
St-Barthélemy,low,0.3684210526315789,0.3157894736842105,0.3684210526315789,0.34035087719298246,0.3298245614035088,0.3298245614035088
St-Barthélemy,medium,0.23859649122807017,0.12631578947368421,0.23157894736842105,0.1543859649122807,0.16140350877192983,0.15789473684210525
St-Martin,high,0.52875,0.55125,0.6225,0.635,0.65625,0.63625
St-Martin,low,0.25875,0.21875,0.22125,0.215,0.21375,0.22375
St-Martin,medium,0.2125,0.23,0.15625,0.15,0.13,0.14
St. Kitts and Nevis,high,0.3873581847649919,0.3491085899513776,0.38379254457050244,0.4907617504051864,0.47034035656401946,0.4771474878444084
St. Kitts and Nevis,low,0.21750405186385738,0.15948136142625607,0.17828200972447325,0.22042139384116693,0.21426256077795786,0.19319286871961103
St. Kitts and Nevis,medium,0.39513776337115075,0.4914100486223663,0.4379254457050243,0.2888168557536467,0.3153970826580227,0.32965964343598053
St. Pierre and Miquelon,high,0.07575373701545478,0.0539650367367621,0.060298961236382065,0.06663288573600203,0.07575373701545478,0.06815302761591081
St. Pierre and Miquelon,low,0.4937927539903724,0.5893083354446415,0.4948061819103116,0.5312895870281227,0.4124651634152521,0.510767671649354
St. Pierre and Miquelon,medium,0.4304535089941728,0.3567266278185964,0.4448948568533063,0.40207752723587536,0.5117810995692932,0.42107930073473526
St. Vin. and Gren.,high,0.024349881796690308,0.17446808510638298,0.13073286052009456,0.2624113475177305,0.27375886524822696,0.25508274231678485
St. Vin. and Gren.,low,0.8073286052009456,0.45839243498817966,0.591725768321513,0.43451536643026006,0.38416075650118203,0.4271867612293144
St. Vin. and Gren.,medium,0.16832151300236406,0.3671394799054373,0.27754137115839245,0.30307328605200945,0.342080378250591,0.3177304964539007
Sudan,high,0.005311836992282048,0.005640017279564527,0.004711523001823574,0.010492651788358101,0.010784131050705451,0.01069036525433903
Sudan,low,0.8497834454403859,0.8867539660478957,0.8700467616413291,0.7885049520466166,0.8218405439045614,0.7611656041881932
Sudan,medium,0.14490471756733203,0.10760601667253976,0.12524171535684736,0.20100239616502522,0.16737532504473313,0.22814403055746774
Suriname,high,0.009798329348273722,0.008319452213091074,0.008250610052184817,0.014823192432279598,0.016784579355956997,0.018578778174576344
Suriname,low,0.9179678039965333,0.9453565347806578,0.9372823327657953,0.9292007548051213,0.9210134549544843,0.9212691544092789
Suriname,medium,0.07223386665519298,0.046324013006251115,0.054467057182019905,0.05597605276259904,0.062201965689558734,0.06015206741614472
Sweden,high,0.03047029393708811,0.024889287824264784,0.02572074136512112,0.0362311191146641,0.03277812721891368,0.03487865613852441
Sweden,low,0.7973370194067629,0.8242890089276904,0.819741915851945,0.7861102536837054,0.7947802345492798,0.7921712742118684
Sweden,medium,0.17219268665614895,0.15082170324804475,0.15453734278293388,0.17765862720163056,0.17244163823180653,0.17295006964960719
Switzerland,high,0.30375094052878204,0.28514001773036435,0.27883009394113223,0.3331013983148704,0.3193685606371012,0.3084040437150328
Switzerland,low,0.28747178413653873,0.2672517190258729,0.28384972398739505,0.25521444056230586,0.2819619616636744,0.29846758993690076
Switzerland,medium,0.4087772753346792,0.44760826324376274,0.4373201820714727,0.41168416112282374,0.3986694776992245,0.3931283663480664
Syria,high,0.11305043047512402,0.10033111037829776,0.14074444874115583,0.12818328979947538,0.14493967338139851,0.13589404151572163
Syria,low,0.6292002660270629,0.6473484677742692,0.5404125475570823,0.5843983510117965,0.49752477792196803,0.5082852721123134
Syria,medium,0.25774930349781305,0.25232042184743303,0.31884300370176183,0.28741835918872816,0.35753554869663345,0.355820686371965
São Tomé and Principe,high,0.020869265263884097,0.04484304932735426,0.03371852362883753,0.11348740945153502,0.10503621938599517,0.09365298378751294
São Tomé and Principe,low,0.8711624698171784,0.7380993446015868,0.7101586754053122,0.3438254570541566,0.45196619523973786,0.5865815798551225
São Tomé and Principe,medium,0.10796826491893756,0.21705760607105898,0.2561228009658503,0.5426871334943084,0.442997585374267,0.3197654363573646
Taiwan,high,0.3955131894375739,0.3949489960075951,0.39457060121720766,0.39598674938482525,0.39299584445481694,0.401440619207954
Taiwan,low,0.31654650177415045,0.3391165048103721,0.3427191857487912,0.34377733165963503,0.35325079644172946,0.31242494414711625
Taiwan,medium,0.28794030878827565,0.2659344991820328,0.26271021303400116,0.26023591895553977,0.2537533591034536,0.2861344366449297
Tajikistan,high,0.08706572077089615,0.06503601988101648,0.06516753162832803,0.09889980040867523,0.09522241553460267,0.10576461473732506
Tajikistan,low,0.5698764926706921,0.5880765319264543,0.5929296120452895,0.5609648413726069,0.5671384774202735,0.5626784493281777
Tajikistan,medium,0.34305778655841174,0.34688744819252926,0.3419028563263825,0.3401353582187179,0.33763910704512384,0.33155693593449725
Tanzania,high,0.02326808960377926,0.02332818484587147,0.022415229750021526,0.038681435515736384,0.045991775424277334,0.04758873259528495
Tanzania,low,0.5458529652667233,0.495510786898922,0.4674214826107028,0.44068382868560674,0.3962665486041452,0.4360231963693804
Tanzania,medium,0.43087894512949737,0.48116102825520657,0.5101632876392757,0.5206347357986569,0.5577416759715775,0.5163880710353346
Thailand,high,0.29573339032986745,0.24166798680697874,0.25387060948573204,0.41237964720821757,0.4482809258584055,0.4539378318686062
Thailand,low,0.2484762228061573,0.24492114780961483,0.2375992724560058,0.22010452158534183,0.22071673141640577,0.21723072280825276
Thailand,medium,0.45579038686397527,0.5134108653834064,0.5085301180582622,0.3675158312064406,0.3310023427251887,0.328831445323141
Timor-Leste,high,0.05371644187163833,0.05057595181457047,0.05625344223490397,0.08877157622133423,0.09253313334192671,0.1022651370448926
Timor-Leste,low,0.18961294631871287,0.13630078395068962,0.1798164922600982,0.17950009960509508,0.203229548730328,0.15867677560729812
Timor-Leste,medium,0.7566706118096488,0.8131232642347399,0.7639300655049979,0.7317283241735707,0.7042373179277452,0.7390580873478093
Togo,high,0.015320964409154019,0.022975227427853556,0.02204079474976328,0.05202659945799795,0.06605863759404575,0.05746061311843973
Togo,low,0.6291095214180987,0.4409838130139574,0.2623812329846961,0.2785899861778594,0.21770882082680967,0.21596433918817856
Togo,medium,0.35556951417274724,0.5360409595581891,0.7155779722655405,0.6693834143641426,0.7162325415791446,0.7265750476933817
Tonga,low,1,1,1,1,1,1
Trinidad and Tobago,high,0.08685796713203854,0.2698985111534697,0.30120378479556265,0.39293871172702766,0.39783284392011403,0.408273659265365
Trinidad and Tobago,low,0.7310974876788076,0.29033365960881286,0.3072312949702059,0.2923771744543472,0.30149571548778187,0.29739151340305325
Trinidad and Tobago,medium,0.18204454518915392,0.43976782923771746,0.39156492023423145,0.31468411381862516,0.30067144059210416,0.2943348273315817
Tunisia,high,0.07453986565974725,0.06387328754126978,0.05494430951387044,0.10002988501385146,0.10294818033471216,0.1292379795833175
Tunisia,low,0.6574010473985807,0.668003111836363,0.7088896057075633,0.6142788698721111,0.62917488899852,0.5823279951424993
Tunisia,medium,0.268059086941672,0.2681236006223673,0.23616608477856627,0.28569124511403743,0.2678769306667679,0.28843402527418316
Turkey,high,0.13212151682947607,0.10736935414409245,0.11571938514785936,0.2320381286244677,0.2390976962147423,0.23224332567013248
Turkey,low,0.26634083265158526,0.25629720854889637,0.2532967398601898,0.17635000015246283,0.17137172969450573,0.18017556185695435
Turkey,medium,0.6015376505189387,0.6363334373070112,0.6309838749919509,0.5916118712230695,0.5895305740907519,0.5875811124729132
Turkmenistan,high,0.05623822042292924,0.046142002379197924,0.044841597969022304,0.06543834025916889,0.06389508476839507,0.06786952465502892
Turkmenistan,low,0.8184030915016827,0.8191968506299497,0.8272753995123076,0.8076751635828541,0.8171316509818536,0.812424053337524
Turkmenistan,medium,0.1253586880753881,0.1346611469908523,0.12788300251867019,0.1268864961579771,0.11897326424975131,0.11970642200744713
Turks and Caicos Is.,high,0.10928451335699607,0.12161404819727256,0.12591070427797496,0.18363534466654213,0.18550345600597795,0.17130580982626564
Turks and Caicos Is.,low,0.5516532785354007,0.579301326359051,0.5503456005977956,0.4776760694937418,0.4716981132075472,0.5139174294787969
Turks and Caicos Is.,medium,0.33906220810760324,0.2990846254436764,0.3237436951242294,0.33868858583971606,0.3427984307864749,0.31477676069493743
Tuvalu,low,0.920863309352518,0.8633093525179856,0.920863309352518,0.7338129496402878,0.7122302158273381,0.7410071942446043
Tuvalu,medium,0.07913669064748201,0.1366906474820144,0.07913669064748201,0.26618705035971224,0.2805755395683453,0.2589928057553957
Tuvalu,high,0,0,0,0,0.007194244604316547,0
U.S. Minor Outlying Is.,high,0.13043478260869565,0.12040133779264214,0.13043478260869565,0.17725752508361203,0.17391304347826086,0.19732441471571907
U.S. Minor Outlying Is.,low,0.7190635451505016,0.7023411371237458,0.6956521739130435,0.6722408026755853,0.6722408026755853,0.6755852842809364
U.S. Minor Outlying Is.,medium,0.1505016722408027,0.17725752508361203,0.17391304347826086,0.1505016722408027,0.15384615384615385,0.12709030100334448
U.S. Virgin Is.,high,0.22801537722248919,0.5567035079288803,0.5708793849111005,0.5896203748197981,0.5922633349351274,0.5660740028832292
U.S. Virgin Is.,low,0.5857760691975012,0.19029312830370015,0.1568957232099952,0.1568957232099952,0.14632388274867852,0.15545410860163383
U.S. Virgin Is.,medium,0.18620855358000962,0.2530033637674195,0.27222489187890436,0.25348390197020665,0.26141278231619414,0.27847188851513693
USNB Guantanamo Bay,high,0.632183908045977,0.6577266922094508,0.6360153256704981,0.6385696040868455,0.6500638569604087,0.6998722860791826
USNB Guantanamo Bay,low,0.10983397190293742,0.09067688378033206,0.09961685823754789,0.13409961685823754,0.140485312899106,0.1111111111111111
USNB Guantanamo Bay,medium,0.25798212005108556,0.2515964240102171,0.26436781609195403,0.227330779054917,0.20945083014048532,0.18901660280970625
Uganda,high,0.021041068143515064,0.021742368688756744,0.014797072183071861,0.061316401445934816,0.0733308410969506,0.07259342911345187
Uganda,low,0.6057632214029212,0.5165367817568297,0.5576254431345385,0.36854923527874134,0.3427472022868389,0.3502817718077181
Uganda,medium,0.37319571045356376,0.46172084955441356,0.42757748468238965,0.5701343632753239,0.5839219566162105,0.5771247990788301
Ukraine,high,0.16035490028617597,0.14123616295171654,0.11842121824832413,0.18542939496966668,0.16912454586666706,0.16961636243920386
Ukraine,low,0.12025044162383863,0.11768127521114478,0.14452566989502755,0.0879450981249893,0.1074026493097132,0.10150838192863491
Ukraine,medium,0.7193946580899854,0.7410825618371386,0.7370531118566483,0.726625506905344,0.7234728048236198,0.7288752556321613
United Arab Emirates,high,0.06909901211410348,0.07225370255578317,0.07375039462435218,0.14027541899312604,0.14755955083107314,0.16030274888986698
United Arab Emirates,low,0.827020879948935,0.8189820650433107,0.8147039914092871,0.722187912627288,0.7116983940805195,0.6916307376076432
United Arab Emirates,medium,0.1038801079369615,0.10876423240090607,0.11154561396636072,0.137536668379586,0.14074205508840737,0.14806651350248987
United Kingdom,high,0.2676030224971881,0.25220658452489586,0.27373192459048423,0.20602311859036768,0.22262250819096566,0.2246909612068676
United Kingdom,low,0.2588067906771032,0.24367156258304948,0.2412669588780711,0.2620937899409072,0.2557086595839659,0.27428834928135876
United Kingdom,medium,0.4735901868257087,0.5041218528920547,0.48500111653144473,0.5318830914687251,0.5216688322250684,0.5010206895117736
United States of America,high,0.12992321859694536,0.12304937052230554,0.12368824403682295,0.1581141115051008,0.14422999673611933,0.1461858826051004
United States of America,low,0.46877271181877184,0.471065950735061,0.47602918557047613,0.4526387625576261,0.45341118306834804,0.4649345130552388
United States of America,medium,0.4013040695842828,0.40588467874263345,0.40028257039270093,0.3892471259372732,0.4023588201955326,0.3888796043396608
Uruguay,high,0.04962121502597516,0.03774259322217308,0.0295487214356253,0.054208726667297195,0.05814270535377264,0.0563563535417311
Uruguay,low,0.351568777313971,0.4347719578978222,0.4966991047365376,0.25929239507473023,0.2665217306097965,0.2975466526246548
Uruguay,medium,0.5988100076600538,0.5274854488800047,0.4737521738278371,0.6864988782579725,0.6753355640364308,0.6460969938336141
Uzbekistan,high,0.14522285342399932,0.1113623922682513,0.11349710789292818,0.15394235857261895,0.15438408155072897,0.159016774829241
Uzbekistan,low,0.6687495818457178,0.6883374489851776,0.700565648701745,0.6719956755244415,0.6673766672951652,0.6657359819478995
Uzbekistan,medium,0.1860275647302829,0.20030015874657114,0.18593724340532683,0.17406196590293954,0.17823925115410583,0.1752472432228595
Vanuatu,high,0.008432706303885344,0.007760889038181615,0.01401018922852984,0.009790337028328294,0.011924756466241183,0.011427891613481133
Vanuatu,low,0.7488593102676072,0.6562674952412944,0.6267005374538126,0.7057510357182847,0.751714533646848,0.7159752547307132
Vanuatu,medium,0.24270798342850744,0.33597161572052403,0.3592892733176576,0.28445862725338705,0.23636070988691077,0.2725968536558056
Venezuela,high,0.06772380448756841,0.06692365005271052,0.06187167936152417,0.05332141327325633,0.049512227372101834,0.052795716861525385
Venezuela,low,0.5566772333815181,0.559035920774607,0.543083740397491,0.5555184861808685,0.5618715336316004,0.5501126832347341
Venezuela,medium,0.3755989621309135,0.3740404291726825,0.3950445802409848,0.39116010054587513,0.38861623899629777,0.39709159990374054
Vietnam,high,0.19578703175488885,0.17621867244537048,0.18145765863215108,0.35723892589087847,0.37204546830813595,0.37002399620967485
Vietnam,low,0.22927568767866235,0.2615332156350393,0.2568028461744979,0.19267711466435325,0.19263267242613816,0.2018834152742515
Vietnam,medium,0.5749372805664488,0.5622481119195902,0.561739495193351,0.4500839594447683,0.43532185926572586,0.4280925885160737
W. Sahara,high,7.758931793576327e-5,1.1818837964633706e-4,4.511006856730422e-6,0,9.022013713460844e-7,5.4132082280765064e-6
W. Sahara,low,0.9848917358354384,0.9832587513533021,0.9919884518224468,0.9895083002526164,0.9837937567665103,0.9849666185492602
W. Sahara,medium,0.015030674846625767,0.016623060267051605,0.0080070371706965,0.010491699747383615,0.01620534103211837,0.015027968242511729
Wallis and Futuna Is.,low,1,1,1,1,1,1
Yemen,high,0.009768516373463694,0.009142448716380907,0.008422955130488678,0.022158655456567956,0.024310679950871633,0.027703446353388513
Yemen,low,0.874490240028681,0.8797828568737558,0.8800306634532198,0.8204989780114861,0.8123156641861956,0.8024694827621566
Yemen,medium,0.1157412435978553,0.11107469440986335,0.1115463814162915,0.15734236653194597,0.16337365586293276,0.16982707088445492
Zambia,high,0.02428948037604162,0.01530551201445602,0.012268106098403673,0.018341522651597345,0.016655909453840163,0.02203017499936922
Zambia,low,0.5604547027933833,0.6410410129445838,0.6715813428420041,0.6483152995471971,0.6530125060011527,0.5884212081929382
Zambia,medium,0.4152558168305751,0.34365347504096017,0.3161505510595922,0.33334317780120554,0.3303315845450071,0.38954861680769254
Zimbabwe,high,0.06590311613126651,0.03789234786889031,0.046919044186031315,0.04696456535991131,0.03314311726385074,0.043418923304445176
Zimbabwe,low,0.26797334942183754,0.391075671872924,0.3214496206931851,0.31315561925131824,0.3949512879878552,0.31372517843646747
Zimbabwe,medium,0.666123534446896,0.5710319802581857,0.6316313351207836,0.6398798153887705,0.571905594748294,0.6428558982590874
eSwatini,high,0.06790826246866728,0.07585447560147117,0.053613512310539506,0.0819921756038138,0.07037739827113641,0.06288097078735914
eSwatini,low,0.1502096657061869,0.12759388104106636,0.15974886967929347,0.20054817625975122,0.18415911167334317,0.2043479279405908
eSwatini,medium,0.7818820718251458,0.7965516433574624,0.7866376180101671,0.717459648136435,0.7454634900555204,0.73277110127205
Åland,high,0.0828845145607931,0.042133358753157615,0.05366760402268719,0.1411276869548639,0.09932796339545302,0.1245889137791335
Åland,low,0.2742481292598065,0.38887564939707353,0.3324913016538773,0.20899861779705448,0.2374052714360612,0.23835851484676612
Åland,medium,0.6428673561794004,0.5689909918497689,0.6138410943234355,0.6498736952480816,0.6632667651684858,0.6370525713741004
